,force
0.0,-51.70275236689304
0.5,18.17800674526676
1.0,18.58838962769664
1.5,-31.79000523039636
2.0,-42.36576258364434
2.5,-22.48418376733589
3.0,-9.187258904657252
3.5,32.68443558843683
4.0,20.17162485484156
4.5,-40.0693500153903
5.0,-0.533115069451668
5.5,25.737709648666275
6.0,-5.988523467060617
6.5,-29.600257580108945
7.0,-13.234811595274632
7.5,-34.9549749877941
8.0,-11.098396403963964
8.5,37.23229753712293
9.0,-5.881598813097744
9.5,-12.40625375037007
10.0,22.38815417284651
10.5,-6.583492067916329
11.0,-18.756452673279725
11.5,11.691186685550022
12.0,-29.00217214723402
12.5,-36.66576945124916
13.0,1.0351131887190341
13.5,1.8398619001483603
14.0,-21.303885657241
14.5,34.39072796120058
15.0,4.518230688442436
15.5,-20.35469486940201
16.0,11.875772403975812
16.5,-7.608237172644511
17.0,-32.27623102527713
17.5,-9.27297178516294
18.0,-5.754414751011529
18.5,-22.799330115867726
19.0,22.540474907969866
19.5,14.365428557374937
20.0,3.498882320631008
20.5,18.12467428628497
21.0,-12.195781010459143
21.5,-17.946076348484706
22.0,-3.7263960510104246
22.5,-12.426513158488342
23.0,-26.135379319606834
23.5,7.98769761830399
24.0,1.8316080672102544
24.5,-8.383635715900358
25.0,16.21803887766972
25.5,23.068720215984285
26.0,-20.296918038837852
26.5,-10.041530613710924
27.0,-1.274834511170969
27.5,-26.114600439484846
28.0,-11.818730914892644
28.5,-3.60691749030351
29.0,-1.1769140385909367
29.5,4.465331122793829
30.0,8.170551763384992
30.5,-20.36707561880795
31.0,5.079491328204748
31.5,20.227150640059207
32.0,-11.162464617675322
32.5,-14.407433063544095
33.0,-1.8781146640744346
33.5,-6.930153051300657
34.0,-0.5094790933085935
34.5,6.684861834594674
35.0,-26.459529849524973
35.5,-3.1251937861218444
36.0,10.69622464232998
36.5,-16.13173379908216
37.0,-4.503208712496335
37.5,16.35085055312214
38.0,-20.643579022222788
38.5,-3.7870011180349143
39.0,3.0944445066826436
39.5,-29.66501842315938
40.0,1.8991394276085192
40.5,14.48282923007028
41.0,-27.22038317669179
41.5,-16.826181288521656
42.0,18.768473255428034
42.5,-27.84617378306436
43.0,-25.108902641531124
43.5,18.178699374604104
44.0,-3.4178296811845357
44.5,-34.072565211906294
45.0,17.703728806461555
45.5,7.64830924296329
46.0,-23.903843032625446
46.5,9.50354578282765
47.0,-11.535099201214337
47.5,-22.07149212044927
48.0,17.134214333757882
48.5,-2.1752526498350733
49.0,-22.381010855614583
49.5,31.867306127602056
50.0,0.7916251170572082
50.5,-49.59612023709403
51.0,5.0911217291596245
51.5,12.75714323585472
52.0,-40.86171797741188
52.5,-16.172252615319454
53.0,20.84843915573355
53.5,-22.443664951096366
54.0,-5.572080077931785
54.5,15.918649846565241
55.0,-3.2032300248047836
55.5,-12.863215955741254
56.0,-3.896551991572778
56.5,-29.933267993633752
57.0,-10.945325320392294
57.5,-10.52247510989083
58.0,-37.120480611274374
58.5,10.300040661318842
59.0,22.577617156188875
59.5,-16.847566219314512
60.0,-21.939430793446263
60.5,20.7133764349353
61.0,-5.799060483718609
61.5,-21.29563182430334
62.0,-5.227670139893125
62.5,-10.202480355997562
63.0,9.27356398324617
63.5,20.897962153361732
64.0,-11.580120108148913
64.5,-3.478781062877985
65.0,11.340023611474265
65.5,-20.676594353973854
66.0,-16.541424052171806
66.5,2.687005298938839
67.0,-21.615280263526007
67.5,-29.84660274778883
68.0,8.92990439365591
68.5,-9.311066398722687
69.0,-10.042482979050591
69.5,23.61722493211748
70.0,1.3994073606503932
70.5,-5.578833213972054
71.0,-10.03590300034524
71.5,-25.70317861304932
72.0,-35.063025164433384
72.5,7.477229796616182
73.0,-25.09539636945425
73.5,-15.253826113884983
74.0,29.821105907494037
74.5,5.54583288918775
75.0,-21.629912058280887
75.5,7.234116899177973
76.0,-7.158720732654617
76.5,-33.91161546962002
77.0,24.562663977712873
77.5,-9.459635391602477
78.0,-25.315998813426464
78.5,-2.33657756634193
79.0,-3.48085895088896
79.5,-14.098289502603858
80.0,15.148792338008796
80.5,2.5744530316060263
81.0,-28.525989477752447
81.5,5.9213822878540405
82.0,-2.4768927262838005
82.5,-42.61303125710788
83.0,7.633417712205784
83.5,16.260808739257673
84.0,-41.092450125446874
84.5,8.97942739128272
85.0,16.571452997094028
85.5,-30.465640218121813
86.0,-12.951006724258107
86.5,21.099863605224314
87.0,-35.0333113658573
87.5,-12.340223086870663
88.0,13.811671402098042
88.5,-22.803832206558297
89.0,-0.6940648117323462
89.5,18.552372902148463
90.0,-13.677344022779877
90.5,-15.080495622193666
91.0,22.7633283972879
91.5,-14.729707722340954
92.0,-25.191440970910662
92.5,4.555372936660206
93.0,-27.729812054374023
93.5,-22.26808341405913
94.0,12.443035831333383
94.5,-5.473034082679078
95.0,-14.53349160295726
95.5,13.259039769493103
96.0,-3.0711686978002035
96.5,-14.44495048598886
97.0,-3.12069169542625
97.5,-25.52984812135926
98.0,-14.348905884532472
98.5,20.5107823537378
99.0,-12.865293843751633
99.5,-15.956152262045816
100.0,29.43877451323221
100.5,2.1602606878204504
101.0,-19.760418897885756
101.5,-1.635001766635316
102.0,-8.712288336511586
102.5,-35.28587865375175
103.0,10.976854962212503
103.5,5.859478540821128
104.0,-17.75248644867056
104.5,4.406803943781597
105.0,12.483554647570301
105.5,-17.063666572595523
106.0,-20.244220490082025
106.5,-17.403124210870608
107.0,-8.667267429579624
107.5,-4.841615862942831
108.0,-24.159711853695065
108.5,-9.773281043235329
109.0,17.881561388847366
109.5,11.996203330021345
110.0,-28.61265472359738
110.5,9.086727219472778
111.0,-3.1567084209735548
111.5,-36.23506944159217
112.0,-12.57058006067669
112.5,-9.909844460930799
113.0,-15.95857646472321
113.5,-1.3513700529545627
114.0,22.594124822064966
114.5,-8.130768288627372
115.0,5.661386550315759
115.5,-3.5078714950511287
116.0,-20.887067093885126
116.5,-19.215665923995402
117.0,-9.542173720978402
117.5,-36.3011001050923
118.0,-1.8826167547639514
118.5,30.455900695248815
119.0,-7.0915356869239865
119.5,8.778334006982426
120.0,35.20185463444665
120.5,-11.14791940158976
121.0,-10.318034017125381
121.5,22.924278139575712
122.0,-29.34311893858831
122.5,-31.51087560741533
123.0,11.686684594857375
123.5,1.701047437106638
124.0,-2.80104325619957
124.5,30.482566924742272
125.0,-5.29970359098661
125.5,-23.90511285307795
126.0,12.05810707705541
126.5,-21.14211053166504
127.0,-45.92506931048274
127.5,-11.814228824198976
128.0,-9.48439689041371
128.5,-28.979950289329558
129.0,-3.38481434943363
129.5,-10.738229148500436
130.0,-29.070742451643127
130.5,-5.3897454048528655
131.0,-30.284055893488585
131.5,-58.26454955238597
132.0,-53.035746386336015
132.5,-56.28137860198433
133.0,-66.75774364530844
133.5,-41.81053359102388
134.0,-63.25961917661019
134.5,-74.88332471738812
135.0,-44.37785080888295
135.5,-47.92376670186438
136.0,-91.8749076232626
136.5,-80.03891119056244
137.0,-80.02990700917417
137.5,-102.90502982186226
138.0,-88.1434247869608
138.5,-104.53478665284119
139.0,-113.16904625415239
139.5,-89.59684973245173
140.0,-87.6316871448212
140.5,-126.5320017803333
141.0,-123.65966791800383
141.5,-108.9967337041295
142.0,-130.82249421105695
142.5,-122.61968496784996
143.0,-126.65580927439942
143.5,-131.9210043402208
144.0,-133.31665245514685
144.5,-133.53275280842342
145.0,-163.8888496564899
145.5,-133.21760645989252
146.0,-140.58415235681605
146.5,-168.7345999393853
147.0,-157.0741850437201
147.5,-143.7705070450003
148.0,-169.7475703453782
148.5,-163.0723551058805
149.0,-131.97953151923411
149.5,-168.4119501063648
150.0,-159.23368787960965
150.5,-152.72066334329523
151.0,-183.67703895046785
151.5,-180.33873870138132
152.0,-161.68094934564746
152.5,-201.65426226306397
153.0,-189.12907078006143
153.5,-161.16208339324342
154.0,-189.42620876581987
154.5,-198.10623962251415
155.0,-179.9943287633427
155.5,-172.7947353962983
156.0,-190.21857672784154
156.5,-168.4573461875208
157.0,-196.87116607564985
157.5,-193.48709457118184
158.0,-148.84886534705052
158.5,-175.14295086708654
159.0,-199.51239261572218
159.5,-128.15725652061667
160.0,-154.53916166872406
160.5,-198.5204319662965
161.0,-134.70329638868407
161.5,-134.05499532885
162.0,-176.73481510139024
162.5,-162.84061287339625
163.0,-110.19841674501589
163.5,-129.42909714147618
164.0,-114.58345308029729
164.5,-135.891848331715
165.0,-149.45664759064826
165.5,-115.04266633101604
166.0,-134.10902041717168
166.5,-177.7162708725299
167.0,-144.19266462616883
167.5,-113.4804408604376
168.0,-165.58913924166507
168.5,-128.73577517470943
169.0,-104.1746193973753
169.5,-140.69557910147432
170.0,-162.51271060123392
170.5,-136.028036575189
171.0,-140.32190557393042
171.5,-148.13228257836616
172.0,-156.9976495019357
172.5,-168.03227379123015
173.0,-116.52835625980697
173.5,-120.26959362594324
174.0,-160.45525515439562
174.5,-141.27634880090798
175.0,-103.36874516326957
175.5,-141.98317703976
176.0,-138.46085383358414
176.5,-121.47075142291862
177.0,-114.44839035950008
177.5,-142.65849064375405
178.0,-138.16090204113928
178.5,-101.63018780720475
179.0,-141.26284252883116
179.5,-125.99137572291355
180.0,-124.07836235248107
180.5,-148.47068972881425
181.0,-155.35084904190612
181.5,-162.23100835499798
182.0,-153.64809402611343
182.5,-110.72516135613537
183.0,-130.16622791384054
183.5,-139.5520480653794
184.0,-104.26950961660326
184.5,-132.83943084165293
185.0,-135.23979552963846
185.5,-103.97237163084505
186.0,-143.05287378849323
186.5,-187.58973093717654
187.0,-106.2399535029295
187.5,-132.52428449312356
188.0,-163.43113710267085
188.5,-111.00241510800018
189.0,-103.46328906783198
189.5,-118.69836397398153
190.0,-99.09245163396861
190.5,-121.65623755948607
191.0,-124.1124496105822
191.5,-113.36595912565778
192.0,-126.97320666827983
192.5,-103.8504688674575
193.0,-147.100553461151
193.5,-113.04523876008389
194.0,-104.85893718275817
194.5,-155.61723923243423
195.0,-141.99668331184438
195.5,-133.204100187815
196.0,-162.58474405232846
196.5,-140.94319408960726
197.0,-118.9714908093747
197.5,-167.6649782255035
198.0,-130.9519293184845
198.5,-110.75667599098955
199.0,-150.18748697986751
199.5,-150.16347582950058
200.0,-119.15720205047312
200.5,-135.47915668483012
201.0,-148.42116673118744
201.5,-126.71104646405975
202.0,-142.62247391821202
202.5,-125.53703973711069
203.0,-116.67692525268198
203.5,-153.70662120512608
204.0,-146.32882008147564
204.5,-104.69997874981524
205.0,-132.30968483674286
205.5,-138.9667762752444
206.0,-119.63592436086034
206.5,-156.29982544447174
207.0,-143.67146104974415
207.5,-116.5169278757398
208.0,-141.44292615656062
208.5,-154.11631145822156
209.0,-112.2063491942326
209.5,-138.29371371659812
210.0,-154.883917921428
210.5,-136.83278528661776
211.0,-140.53350383651735
211.5,-164.78280325467094
212.0,-139.13335363089743
212.5,-128.92711402917234
213.0,-147.4535635467965
213.5,-134.47368976332467
214.0,-141.1990629106776
214.5,-145.10693535157685
215.0,-128.3395911936962
215.5,-141.69954532607832
216.0,-150.86017436428693
216.5,-141.98317703975954
217.0,-151.2604852617657
217.5,-153.89345796890177
218.0,-132.11459424003067
218.5,-131.25192440026234
219.0,-143.04567044338188
219.5,-130.18432285527805
220.0,-157.22800647574172
220.5,-170.73803029790693
221.0,-125.19488084442158
221.5,-140.84414809435586
222.0,-156.14675436090067
222.5,-131.34923882216611
223.0,-124.22092855777129
223.5,-160.2841757080516
224.0,-129.24226037770592
224.5,-130.1128954548547
225.0,-187.19767387263346
225.5,-157.20578461783316
226.0,-148.0880120198867
226.5,-181.78616085928084
227.0,-151.45857725227708
227.5,-130.33626841617408
228.0,-156.6667458359763
228.5,-126.84152051549857
229.0,-125.70661848656073
229.5,-181.5322429441748
230.0,-145.97930200207503
230.5,-117.21717613588659
231.0,-182.10130720781183
231.5,-185.8262677845171
232.0,-132.9699914717613
232.5,-143.7412434554958
233.0,-127.25008524591843
233.5,-99.81434456090427
234.0,-162.70029771345676
234.5,-159.8114561852505
235.0,-126.36279820510865
235.5,-172.65029331988984
236.0,-186.5538749034904
236.5,-168.53233527945662
237.0,-154.50887180525734
237.5,-140.48540833105807
238.0,-170.19604784136408
238.5,-167.33895182446122
239.0,-123.68668046216547
239.5,-140.5470101085957
240.0,-154.6745707041882
240.5,-138.46704420828837
241.0,-171.23476097107255
241.5,-169.79034020696642
242.0,-159.37925547869582
242.5,-171.51126437447982
243.0,-162.78283604283388
243.5,-124.61411114498516
244.0,-142.7679260790713
244.5,-167.2939309175276
245.0,-121.30378817377841
245.5,-142.73592660367797
246.0,-177.99877706353465
246.5,-161.27238461523174
247.0,-146.58881581901218
247.5,-165.68218244932373
248.0,-154.01726546296686
248.5,-155.17880486184015
249.0,-158.96056104421746
249.5,-137.38515718321997
250.0,-158.93805059074862
250.5,-174.1607447474931
251.0,-158.01212060482735
251.5,-149.0649657003305
252.0,-173.42127635111595
252.5,-163.16251235796918
253.0,-173.93376434170654
253.5,-167.71862813959712
254.0,-149.5601956765958
254.5,-159.10462794640105
255.0,-174.55407163248785
255.5,-150.08694028771072
256.0,-155.76857874266383
256.5,-184.76279315600524
257.0,-159.30632160945945
257.5,-161.43333435751737
258.0,-150.09594446909688
258.5,-172.5883895728551
259.0,-151.37191200642363
259.5,-145.53082450608653
260.0,-186.02816923637832
260.5,-166.38901068816773
261.0,-144.28409169870486
261.5,-168.6289655187268
262.0,-175.69505176541594
262.5,-182.76113801210505
263.0,-166.78969675987818
263.5,-125.09583484916857
264.0,-153.66160029819622
264.5,-155.54009763997837
265.0,-156.71626883360472
265.5,-174.3959789862149
266.0,-177.89635450026032
266.5,-156.20865810793373
267.0,-199.13271630058807
267.5,-186.49984981517213
268.0,-132.65761564058383
268.5,-174.84393701020485
269.0,-183.4215453036186
269.5,-129.97385011536608
270.0,-155.53343108260435
270.5,-214.14231149784868
271.0,-165.13292738474055
271.5,-161.70983776092967
272.0,-196.3594284335113
272.5,-175.0893009529858
273.0,-144.93654853456866
273.5,-146.1070921148288
274.0,-167.22466798378292
274.5,-158.12767426595565
275.0,-177.72227366012157
275.5,-194.85723083884412
276.0,-157.88005927782154
276.5,-158.56437706320088
277.0,-193.09091059017007
277.5,-184.79580848775413
278.0,-176.5007063853382
278.5,-161.7057108444614
279.0,-156.55194252329815
279.5,-168.20369955224453
280.0,-153.8822027421671
280.5,-168.62654976274553
281.0,-192.51014089073445
281.5,-171.91982910489878
282.0,-165.71369708417777
282.5,-216.39148097337943
283.0,-168.1358218771761
283.5,-161.13507084908298
284.0,-181.3196750005196
284.5,-159.34098770779937
285.0,-151.14493160063785
285.5,-189.40369831235685
286.0,-178.39083412808014
286.5,-164.83391352786148
287.0,-195.89121100140565
287.5,-170.70651566305332
288.0,-163.1790200238462
288.5,-121.96763216576574
289.0,-168.05703529004222
289.5,-189.35867740542062
290.0,-180.13389357483499
290.5,-195.89121100140795
291.0,-179.6330359852079
291.5,-164.56566395738355
292.0,-205.15801434512892
292.5,-186.32276758123908
293.0,-138.9982909100965
293.5,-182.8479039144493
294.0,-177.37411197983687
294.5,-139.5565501560697
295.0,-184.87009298419105
295.5,-212.45059320072025
296.0,-169.936658154497
296.5,-179.47208624292034
297.0,-208.06936632680365
297.5,-175.08704990764085
298.0,-186.70244389637156
298.5,-188.71637913317713
299.0,-159.43778265770803
299.5,-184.62698008675298
300.0,-212.20678767394838
300.5,-170.48591321908197
301.0,-205.78943256486252
301.5,-217.81939407160374
302.0,-177.5181788820249
302.5,-205.2507112381243
303.0,-234.44711569888062
303.5,-190.89951794520587
304.0,-182.83965008151276
304.5,-213.99861976988475
305.0,-184.1272480197954
305.5,-209.62258761598727
306.0,-236.94352498831904
306.5,-187.11663624014716
307.0,-185.9389643496252
307.5,-242.51486222128523
308.0,-220.03592338960962
308.5,-186.27959368586588
309.0,-218.80235053964196
309.5,-207.37004157244004
310.0,-221.81424921346553
310.5,-238.7139721534606
311.0,-213.49438561223405
311.5,-214.83150654814887
312.0,-247.77780624176162
312.5,-214.5880184764805
313.0,-207.155441916059
313.5,-247.10399333466478
314.0,-219.21238710740113
314.5,-205.22404500862987
315.0,-228.6799375207568
315.5,-224.5110015387556
316.0,-222.71016526143416
316.5,-254.37562015279957
317.0,-221.0714042490681
317.5,-227.34431728174118
318.0,-252.16284257704115
318.5,-232.33979093974065
319.0,-208.35299804047375
319.5,-254.07848216704224
320.0,-255.52702984761405
320.5,-225.51196636956502
321.0,-247.89636129668392
321.5,-248.41260102951586
322.0,-237.58732395746122
322.5,-244.38435538168147
323.0,-245.13958109548275
323.5,-235.68068854884632
324.0,-268.1925364905554
324.5,-275.47466818697967
325.0,-249.24998989847268
325.5,-261.032653872192
326.0,-263.23798568257257
326.5,-259.21649317077646
327.0,-263.1576983985425
327.5,-263.34753655611473
328.0,-228.31001573545555
328.5,-261.51368494703456
329.0,-278.61712749090657
329.5,-258.5107904546021
330.0,-284.67544086719585
330.5,-288.8098608205513
331.0,-257.2041452095383
331.5,-279.350968273917
332.0,-285.68540987939696
332.5,-237.36447046814283
333.0,-242.70933057781792
333.5,-248.05419068749302
334.0,-265.75015228943704
334.5,-268.1347596599926
335.0,-225.85862735294782
335.5,-253.6451559378156
336.0,-295.00473761454185
336.5,-258.27142929940425
337.0,-251.79817323088082
337.5,-279.3021956247393
338.0,-256.28225556141524
338.5,-247.76429996968
339.0,-239.75958271698212
339.5,-284.9478173541467
340.0,-254.2923314749732
340.5,-269.33156543596067
341.0,-308.9252020382437
341.5,-287.4487287342757
342.0,-256.0751593895234
342.5,-292.02135218178006
343.0,-290.4366162577335
343.5,-285.3251354312979
344.0,-269.9280924528329
344.5,-227.3022977686032
345.0,-282.50658753524937
345.5,-266.4704868003688
346.0,-250.79282174760255
346.5,-287.9049405911988
347.0,-292.18642884053133
347.5,-256.23273256379105
348.0,-284.4068161224979
348.5,-258.98125893204883
349.0,-248.83094914932383
349.5,-263.3910567661452
350.0,-250.49706902051884
350.5,-241.9662997860368
351.0,-291.8532741292279
351.5,-287.30616252898693
352.0,-247.036692850704
352.5,-293.30294733246967
353.0,-290.3540779283562
353.5,-246.83574376418804
354.0,-249.10967473852853
354.5,-252.6355620998384
355.0,-251.9902624337968
355.5,-294.0806834997429
356.0,-287.0731793356072
356.5,-260.12028787745885
357.0,-290.6197012792658
357.5,-280.77328261833367
358.0,-273.1290789357668
358.5,-276.87932048329054
359.0,-280.8951853817198
359.5,-258.5783218150027
360.0,-282.9792781984946
360.5,-281.7205686754919
361.0,-261.19328615936365
361.5,-276.6091950416944
362.0,-280.7589971382492
362.5,-259.10506642611836
363.0,-257.52033050206404
363.5,-270.74297086831416
364.0,-285.15866526827983
364.5,-268.22180008006126
365.0,-275.85622037323463
365.5,-299.08813387337057
366.0,-276.0254239484605
366.5,-289.9578939473449
367.0,-293.23991806276814
367.5,-255.3413186065161
368.0,-267.9696830012356
368.5,-287.5762879705872
369.0,-269.6617187534721
369.5,-283.60244258529474
370.0,-320.26596849468206
370.5,-267.9921934547033
371.0,-274.6470338478564
371.5,-325.28429892082465
372.0,-294.53051739484994
372.5,-270.51186354606057
373.0,-295.74500995568235
373.5,-288.4722040185556
374.0,-258.83944307521335
374.5,-276.11846715612285
375.0,-273.33467441075993
375.5,-286.68937610400235
376.0,-305.458592204398
376.5,-274.53148018673477
377.0,-247.92937662843045
377.5,-310.08223934642285
378.0,-289.3293328236317
378.5,-227.51389603118682
379.0,-279.2564243693601
379.5,-307.6833176362298
380.0,-283.9340965997001
380.5,-285.13130640944803
381.0,-311.04568675479106
381.5,-284.933560733617
382.0,-305.31002321151846
382.5,-283.785527606821
383.0,-273.1489631696616
383.5,-302.8158649674293
384.0,-293.5070421105727
384.5,-257.6103723159411
385.0,-286.87508734510175
385.5,-321.9497504139781
386.0,-278.63063376298743
386.5,-286.37700027281875
387.0,-294.7301100822493
387.5,-276.67334983407244
388.0,-285.25320917284034
388.5,-285.955535320995
389.0,-255.42385693589011
389.5,-284.63642274785684
390.0,-299.4663094916077
390.5,-283.4703812582911
391.0,-291.70357961367597
391.5,-310.4604149646611
392.0,-288.2651078466605
392.5,-269.2077579418949
393.0,-301.9523639724504
393.5,-291.61881909850683
394.0,-286.88746809451004
394.5,-285.1376555117122
395.0,-286.9287372591998
395.5,-301.0690537784254
396.0,-316.992948560652
396.5,-287.5065055648397
397.0,-293.06546204839896
397.5,-316.429840909317
398.0,-295.68005121853514
398.5,-266.36243662372783
399.0,-275.10099465943495
399.5,-295.8826452997364
400.0,-295.9906954763748
400.5,-311.4591287501276
401.0,-302.86538796505357
401.5,-304.54241674831115
402.0,-321.4380127718393
402.5,-293.37498078356475
403.0,-273.506354135862
403.5,-302.780223416104
404.0,-293.5978342728815
404.5,-270.0001259039153
405.0,-316.04508531237497
405.5,-321.143876179878
406.0,-281.5085086600156
406.5,-290.5161531933178
407.0,-314.8634596627143
407.5,-299.88725497143116
408.0,-313.2382049224307
408.5,-304.6414627435629
409.0,-262.29254663697463
409.5,-288.32776194214114
410.0,-317.8213332482172
410.5,-297.14634752588114
411.0,-307.579076920946
411.5,-322.4202188914264
412.0,-288.24935052923547
412.5,-312.29726796753397
413.0,-335.51905176360526
413.5,-277.1025491468298
414.0,-284.7249638648257
414.5,-338.73804660931637
415.0,-295.92731989199945
415.5,-289.35911588513375
416.0,-349.8447043497059
416.5,-303.4191451203311
417.0,-300.0425771003528
417.5,-329.8239070365692
418.0,-303.97290227560734
418.5,-276.2235159389663
419.0,-307.290943116574
419.5,-284.1430686427135
420.0,-288.7828482763895
420.5,-323.41067884395625
421.0,-308.2442608208841
421.5,-299.0971380547543
422.0,-341.2903857177528
422.5,-315.92445236944116
423.0,-279.31044945767644
423.5,-310.3985112176275
424.0,-292.0063452128004
424.5,-296.6022294622177
425.0,-321.8732148721918
425.5,-310.74929911747796
426.0,-305.62967165074207
426.5,-345.275082295997
427.0,-312.69795403923257
427.5,-283.1814971054716
428.0,-319.58090036085514
428.5,-313.4407990036347
429.0,-284.92178603487986
429.5,-316.0159948801988
430.0,-330.9423013996351
430.5,-303.4281493017167
431.0,-315.6468234433496
431.5,-307.134120290756
432.0,-299.4910709904214
432.5,-320.78595996975855
433.0,-316.2501035962497
433.5,-286.87508734510345
434.0,-306.219445531566
434.5,-328.63985718423095
435.0,-298.76917806348064
435.5,-316.11053878476054
436.0,-307.30745078245127
436.5,-301.2821527379081
437.0,-318.28504858962515
437.5,-318.6977402365101
438.0,-279.2249097345045
438.5,-299.3177404987282
439.0,-336.12983540099475
439.5,-316.08127519525584
440.0,-333.6506841258827
440.5,-327.7210843681248
441.0,-301.1951123178372
441.5,-320.1038932297253
442.0,-340.42182852861333
442.5,-295.5589449788865
443.0,-302.8173656643248
443.5,-308.7559984630198
444.0,-305.1614542186403
444.5,-339.76452328738765
445.0,-361.7910020043903
445.5,-329.2476394278281
446.0,-333.3895628656724
446.5,-375.5171261798323
447.0,-328.0410791220211
447.5,-324.02971631428676
448.0,-331.97140429727835
448.5,-299.57886175893884
449.0,-325.7134982335752
449.5,-382.5298827831051
450.0,-345.5226972841321
450.5,-319.622169525539
451.0,-376.16092514897474
451.5,-371.89594456551515
452.0,-342.8979784099308
452.5,-356.65051485077316
453.0,-345.59022864453095
453.5,-311.04707201346696
454.0,-377.3929973020435
454.5,-358.5586740439283
455.0,-342.8889742285452
455.5,-377.6177266624868
456.0,-393.08953650425156
456.5,-360.7262575554237
457.0,-375.52012757362877
457.5,-365.5795113228105
458.0,-323.9486786818063
458.5,-357.3857062609877
459.0,-363.53002111334706
459.5,-357.5072627097105
460.0,-384.23317376206984
460.5,-388.8553202071997
461.0,-369.5248434670384
461.5,-400.97945044427405
462.0,-388.31056723331176
462.5,-363.35097642962137
463.0,-387.34711982494184
463.5,-383.3163633957629
464.0,-357.25964772157704
464.5,-360.67673455780033
465.0,-391.5385662604108
465.5,-377.38399312065405
466.0,-405.70964706604053
466.5,-399.54328351310886
467.0,-389.4991191763429
467.5,-402.77128254020954
468.0,-408.28071602614
468.5,-372.0400114677026
469.0,-379.94118063445546
469.5,-416.33608179914097
470.0,-405.89123139066925
470.5,-405.4569527961005
471.0,-410.9921001461862
471.5,-390.4070407994935
472.0,-404.2798292371348
472.5,-415.1916503449019
473.0,-367.7090002207398
473.5,-397.35526743616356
474.0,-420.2652814517232
474.5,-393.91079288155856
475.0,-407.14581399720527
475.5,-421.5720132754555
476.0,-406.7826453479456
476.5,-398.61585283028563
477.0,-411.7597066093949
477.5,-389.1524581929604
478.0,-402.0014250316534
478.5,-408.5407117636795
479.0,-373.8333442605356
479.5,-397.0266148155506
480.0,-449.04377068600814
480.5,-397.1958183907793
481.0,-372.16607000711446
481.5,-422.9849194047052
482.0,-409.5216480628143
482.5,-394.90207821737897
483.0,-408.85118286418464
483.5,-410.6589454348807
484.0,-406.1433484694958
484.5,-426.0429645081345
485.0,-395.53192070537517
485.5,-396.9770918179247
486.0,-445.2248722554096
486.5,-415.6307542571943
487.0,-368.46084936652284
487.5,-418.28848846313787
488.0,-422.96428482235996
488.5,-364.93571235366596
489.0,-404.4855401503505
489.5,-421.8016199008131
490.0,-395.312357205406
490.5,-417.3715626586
491.0,-435.62754041995834
491.5,-395.39235589388045
492.0,-422.3418707840115
492.5,-411.92478326815274
493.0,-369.1811838774511
493.5,-415.86186157944417
494.0,-415.69678492068886
494.5,-390.77433636522227
495.0,-411.7844681082079
495.5,-443.3891447752179
496.0,-410.68734323771974
496.5,-422.02222234478734
497.0,-432.54360829504543
497.5,-398.14088226214426
498.0,-404.9626751851745
498.5,-437.14024289291024
499.0,-400.55925531289813
499.5,-393.258364905254
500.0,-433.17840308279847
500.5,-426.7314092099853
501.0,-422.0447327982527
501.5,-418.791972272339
502.0,-387.71629126179414
502.5,-400.35703640593033
503.0,-445.92232113865066
503.5,-394.30284994610065
504.0,-402.1770065686986
504.5,-424.8939130512956
505.0,-437.97451492984464
505.5,-419.49654946584286
506.0,-400.66465041041005
506.5,-428.79786883821265
507.0,-411.6178907525547
507.5,-400.54274764702325
508.0,-412.9865263233202
508.5,-402.9941360295279
509.0,-412.85596569321837
509.5,-450.6930365766582
510.0,-429.16704027506415
510.5,-412.5903423423102
511.0,-446.38199614226136
511.5,-406.0488045649346
512.0,-400.0018041344875
512.5,-428.5052329431448
513.0,-417.83452765155556
513.5,-384.4477734184557
514.0,-409.4617187317316
514.5,-428.41332440874874
515.0,-447.3649300857659
515.5,-457.9894248936089
516.0,-414.9704476221711
516.5,-432.5263502807147
517.0,-424.94407920474015
517.5,-406.93946817376525
518.0,-422.94064884622065
518.5,-408.46192517655084
519.0,-375.97934082434494
519.5,-400.10694526790667
520.0,-434.36695502583524
520.5,-459.7970143069715
521.0,-407.32289623114866
521.5,-412.77492806073377
522.0,-435.2666228160418
522.5,-387.94739858405046
523.0,-415.89487691119666
523.5,-441.29636523216675
524.0,-418.8032274990703
524.5,-427.33468936288386
525.0,-465.62947280014083
525.5,-408.20530600703495
526.0,-411.5987568671071
526.5,-467.10165645686084
527.0,-434.13584770357556
527.5,-409.186761778171
528.0,-437.52817304097726
528.5,-426.97902419811584
529.0,-439.34401628728165
529.5,-442.1296849037656
530.0,-389.17496864643056
530.5,-431.5653683029678
531.0,-464.94245376035093
531.5,-417.3805668399882
532.0,-401.12464286913723
532.5,-455.1666140289077
533.0,-446.293743620846
533.5,-410.8255227905356
534.0,-430.6816186191342
534.5,-425.00260638375664
535.0,-450.6104982472798
535.5,-469.55304483936334
536.0,-421.8475412258829
536.5,-398.4780195921382
537.0,-449.6740633830722
537.5,-430.43178144521164
538.0,-405.74266239779143
538.5,-449.7562265382282
539.0,-454.0771080811255
539.5,-431.0038932779318
540.0,-439.8722615952941
540.5,-450.8209709871915
541.0,-429.6127472537005
541.5,-439.1211627979653
542.0,-426.03058375872325
542.5,-414.5307434311247
543.0,-443.2405757823362
543.5,-454.45805421671287
544.0,-420.1448505256786
544.5,-432.30349679139994
545.0,-436.67802824839583
545.5,-443.195554875405
546.0,-447.51943781210053
546.5,-426.821451023853
547.0,-408.36738127198896
547.5,-441.9274659967902
548.0,-452.6368142334902
548.5,-395.78853987490197
549.0,-447.08674649309677
549.5,-465.62497070945756
550.0,-437.2753056137043
550.5,-440.86154242883117
551.0,-441.120091065792
551.5,-418.4865804536433
552.0,-432.699680772407
552.5,-444.4820272910154
553.0,-416.16950444348606
553.5,-438.9725938050892
554.0,-445.4781148569115
554.5,-441.5106474334358
555.0,-452.8060178087156
555.5,-489.4365283863517
556.0,-422.0966799985599
556.5,-430.49965912028506
557.0,-454.31571888786925
557.5,-413.90570317320646
558.0,-425.9525475200362
558.5,-465.90072376442055
559.0,-433.77267905431563
559.5,-439.42280287441713
560.0,-488.3290140757992
560.5,-448.6752918784898
561.0,-420.6625909554092
561.5,-459.77637972462975
562.0,-434.5815546822056
562.5,-390.77846328168266
563.0,-446.0228678307991
563.5,-439.64115427304114
564.0,-440.55732972912756
564.5,-482.09061707177443
565.0,-458.45989337105556
565.5,-444.5821988089419
566.0,-463.4255262484418
566.5,-453.30274848188145
567.0,-420.617570048473
567.5,-459.35956116127113
568.0,-442.04752174861306
568.5,-417.8592891503761
569.0,-482.0617286564791
569.5,-479.38335986819607
570.0,-451.857577369327
570.5,-460.2014521209202
571.0,-446.27498490962085
571.5,-429.2345716354603
572.0,-466.22928980636425
572.5,-449.3724233066214
573.0,-422.93857095820835
573.5,-453.9240369975589
574.0,-484.4257014447011
574.5,-439.9795614234848
575.0,-449.4489588484066
575.5,-453.17331337444443
576.0,-447.84546421314485
576.5,-470.3866819660764
577.0,-454.2031666205372
577.5,-422.69603525188785
578.0,-445.6176796684005
578.5,-458.90785139504163
579.0,-445.97819323853736
579.5,-468.5648359321863
580.0,-473.4777424012553
580.5,-452.8390331404665
581.0,-447.6886413873244
581.5,-454.06472733171796
582.0,-437.7390209551171
582.5,-438.2380026736267
583.0,-455.46375201466697
583.5,-441.92746599679003
584.0,-467.9525515978937
584.5,-466.85404146872554
585.0,-448.111491597826
585.5,-459.97584735395384
586.0,-479.21574356854137
586.5,-437.6534812319452
587.0,-455.48851351347776
587.5,-485.53659232327453
588.0,-451.8774616032173
588.5,-444.36609845566386
589.0,-476.01579602960646
589.5,-474.2453488644652
590.0,-467.0892757074554
590.5,-479.0614603836284
591.0,-436.6270045538663
591.5,-441.70397759724375
592.0,-458.1830147934205
592.5,-446.94129433223713
593.0,-446.4010434490392
593.5,-469.62282724511147
594.0,-460.17669062210564
594.5,-455.0593142007156
595.0,-507.54543785172757
595.5,-470.4106931164487
596.0,-424.79663573453684
596.5,-470.9644502717174
597.0,-476.15536084110084
597.5,-438.7630734305104
598.0,-480.66195362508915
598.5,-476.1872217906203
599.0,-440.9670199822197
599.5,-491.58852773776056
600.0,-500.2119072865478
600.5,-461.86572498054505
601.0,-473.2425081625297
601.5,-462.4464946799817
602.0,-428.1270573249115
602.5,-467.849003511953
603.0,-472.8463241815212
603.5,-448.12984627526816
604.0,-470.97795654379115
604.5,-500.072544491953
605.0,-469.34257209945963
605.5,-471.1460345963469
606.0,-480.5265157300746
606.5,-441.99799875099336
607.0,-465.91760660451905
607.5,-473.9891625882809
608.0,-448.2378964519096
608.5,-447.9781604503805
609.0,-489.67513919309596
609.5,-469.0780742712218
610.0,-484.90707883422056
610.5,-488.8377503241451
611.0,-453.0866481285984
611.5,-470.3341575746591
612.0,-470.3536666343199
612.5,-447.2384323179935
613.0,-456.8008729505761
613.5,-483.6918606616882
614.0,-454.9280032221608
614.5,-477.74910094652796
615.0,-504.4172351683269
615.5,-468.6451232162207
616.0,-452.5914181523323
616.5,-488.1174158132124
617.0,-467.5968864331244
617.5,-452.4383470687631
618.0,-477.75322786300035
618.5,-475.15139461649426
619.0,-488.4295607679475
619.5,-496.24819160532513
620.0,-470.0595300423591
620.5,-453.28474011910384
621.0,-493.07871975723674
621.5,-459.85606095798573
622.0,-438.15771538959706
622.5,-476.3995992612124
623.0,-470.44445879664045
623.5,-454.09961853459265
624.0,-480.0496692908121
624.5,-492.2428315851803
625.0,-478.8220992284341
625.5,-502.0648927810753
626.0,-485.5613538220867
626.5,-466.85854355942246
627.0,-473.4766168785805
627.5,-463.225356369916
628.0,-442.6282914480447
628.5,-496.7783127844578
629.0,-514.5942111805462
629.5,-465.6985048574467
630.0,-502.1721926092703
630.5,-507.5709496989929
631.0,-471.3696384341136
631.5,-492.0612472605494
632.0,-492.024105012331
632.5,-439.9990704831647
633.0,-480.0538250668325
633.5,-489.8417165487494
634.0,-462.6569674198993
634.5,-493.11473648277666
635.0,-521.032200871974
635.5,-459.3625625550612
636.0,-480.6503232241495
636.5,-508.75499955132966
637.0,-443.6187514005791
637.5,-469.680661794779
638.0,-495.42430900844795
638.5,-464.755028261643
639.0,-468.8619739179458
639.5,-499.43192007394396
640.0,-478.0732514764479
640.5,-490.2018838042157
641.0,-508.7865141861741
641.5,-463.48235071366855
642.0,-478.75606856493204
642.5,-503.2039217264819
643.0,-466.46166694907294
643.5,-467.18269408934276
644.0,-507.97163577068676
644.5,-472.981386902318
645.0,-486.48765898223274
645.5,-520.2769751581704
646.0,-486.76228651452857
646.5,-466.3588114924648
647.0,-501.5786669861989
647.5,-488.5863835937702
648.0,-468.64587356466126
648.5,-502.23822327276775
649.0,-487.0222822520693
649.5,-483.7143711151647
650.0,-507.5200414426873
650.5,-494.0106525307503
651.0,-467.29974844736626
651.5,-498.6478059448559
652.0,-487.7077255601204
652.5,-480.571911811232
653.0,-505.783619693746
653.5,-488.99082140771725
654.0,-479.0412009755073
654.5,-497.7068689899552
655.0,-486.89284714463355
655.5,-491.88566572351107
656.0,-516.7008433103472
656.5,-479.4013682309754
657.0,-461.65412671796025
657.5,-502.4790851248567
658.0,-521.5769538458644
658.5,-475.2234280675848
659.0,-506.79433905439635
659.5,-526.0970529019424
660.0,-501.1049085193954
660.5,-520.5729876212547
661.0,-499.0845087421029
661.5,-463.4369546325097
662.0,-486.50116525431577
662.5,-492.14378558992695
663.0,-468.847342123194
663.5,-509.1962044392738
664.0,-518.4209882698558
664.5,-490.5401837620242
665.0,-498.08054251750985
665.5,-532.996131715213
666.0,-487.70322346942913
666.5,-465.31882854231117
667.0,-493.78693325475996
667.5,-464.5354647616728
668.0,-491.61554028190386
668.5,-522.4436063043287
669.0,-490.5125280620558
669.5,-502.968687487754
670.0,-542.5251818418174
670.5,-505.81213293480414
671.0,-492.4709375136402
671.5,-520.2893559075819
672.0,-480.81502470867673
672.5,-463.2973898210303
673.0,-520.2626896780985
673.5,-511.24465570473046
674.0,-489.93937728532154
674.5,-520.5909959840349
675.0,-505.5810256125478
675.5,-508.92382795232635
676.0,-512.5232494616253
676.5,-483.6010684993719
677.0,-480.77000380173007
677.5,-518.8351806136413
678.0,-499.9714206086838
678.5,-469.39114273173914
679.0,-524.264701989764
679.5,-526.6200457708092
680.0,-511.06157068319794
680.5,-524.6721411975103
681.0,-514.2385460157882
681.5,-483.9642371486375
682.0,-515.1884871520633
682.5,-501.30554015080685
683.0,-489.4984321333838
683.5,-512.6673163638147
684.0,-508.09527010743193
684.5,-499.66077635084133
685.0,-537.8295012487025
685.5,-524.6102374504833
686.0,-489.32847820971205
686.5,-500.2655572006538
687.0,-496.34498655522935
687.5,-505.8781635983054
688.0,-518.1418586468758
688.5,-504.5080273306381
689.0,-486.9397439226865
689.5,-522.3693218078811
690.0,-528.6663614291456
690.5,-500.77729484279007
691.0,-527.9425637715306
691.5,-501.14196418893465
692.0,-478.0237284788208
692.5,-509.9307955707237
693.0,-524.0260911830321
693.5,-493.6336024351841
694.0,-506.7314829420208
694.5,-517.8357164797269
695.0,-508.3993343865541
695.5,-525.0188021808991
696.0,-517.0523526990974
696.5,-481.868513930906
697.0,-510.12952247147007
697.5,-533.579527634224
698.0,-488.0333767869388
698.5,-522.1051991538889
699.0,-549.8628393234586
699.5,-504.52866191299273
700.0,-498.9697054294279
700.5,-552.6864005366143
701.0,-529.4549199298166
701.5,-504.676105383195
702.0,-512.5637682778687
702.5,-501.2725248190536
703.0,-518.6505948952099
703.5,-529.1127033180046
704.0,-494.88786758660046
704.5,-504.7143731540742
705.0,-559.9437707342179
705.5,-519.8065066807137
706.0,-481.8595097495181
706.5,-528.1184916232313
707.0,-514.3656434991836
707.5,-481.63890730554454
708.0,-523.839773891251
708.5,-523.7514636507362
709.0,-507.68575301166715
709.5,-542.3477244336575
710.0,-521.4734057599248
710.5,-513.4881975668941
711.0,-555.2030692341677
711.5,-526.3187808685987
712.0,-476.03830648307337
712.5,-517.2999676872282
713.0,-539.9409817838622
713.5,-511.4202372417739
714.0,-512.7656697297309
714.5,-532.4224903260383
715.0,-535.3608548518661
715.5,-554.2084823651735
716.0,-539.4772664424468
716.5,-495.93304525679105
717.0,-518.828427477601
717.5,-508.515263221906
718.0,-495.91578724246585
718.5,-532.0593216767714
719.0,-539.8869566955343
719.5,-507.23591911655956
720.0,-527.6997971887566
720.5,-564.562915785551
721.0,-534.2053182405831
721.5,-529.5088872990216
722.0,-513.0725045262155
722.5,-495.06564244988243
723.0,-524.6061105340135
723.5,-546.1448627592422
724.0,-509.2114422846968
724.5,-523.143681407138
725.0,-550.25902330447
725.5,-537.3417747569285
726.0,-532.4900216864393
726.5,-524.4988107058198
727.0,-507.5664476082962
727.5,-506.79433905439447
728.0,-525.9169692742134
728.5,-522.0061531586227
729.0,-543.0384201808506
729.5,-545.618118148118
730.0,-529.9958634423465
730.5,-534.54747713327
731.0,-519.8498393036451
731.5,-510.44135409387786
732.0,-520.3838998121362
732.5,-538.4271537882348
733.0,-548.9136485356194
733.5,-532.0097986791474
734.0,-516.0799011093377
734.5,-562.3962846393974
735.0,-551.1556897008791
735.5,-531.7741892662019
736.0,-531.9497708032414
736.5,-515.7197338538831
737.0,-508.2676482337802
737.5,-531.9767833474016
738.0,-535.9656357016726
738.5,-527.7508208832853
739.0,-559.475553302119
739.5,-531.4815533711402
740.0,-526.7502023671428
740.5,-561.8841718230394
741.0,-548.6165105498675
741.5,-485.4581809103643
742.0,-518.1913816445067
742.5,-560.658852806009
743.0,-547.036726925581
743.5,-540.8166384237079
744.0,-550.232761108757
744.5,-531.5640917005146
745.0,-538.3742542225868
745.5,-545.050854720762
746.0,-520.6626831204527
746.5,-539.6528479794874
747.0,-530.3349055030209
747.5,-496.86948012099776
748.0,-531.3825073758744
748.5,-570.7532904888511
749.0,-541.1430399989682
749.5,-516.8227460737335
750.0,-551.6539210709404
750.5,-546.907967131743
751.0,-531.4995617339106
751.5,-528.8568344969406
752.0,-528.136499986011
752.5,-549.624978865164
753.0,-566.0486057143416
753.5,-521.2708116787202
754.0,-538.2992193777065
754.5,-583.3197511365411
755.0,-549.2974517672313
755.5,-502.5848842561527
756.0,-518.1193481934079
756.5,-548.80559835898
757.0,-547.4568470221092
757.5,-553.5523026466228
758.0,-544.654670739751
758.5,-549.8241097996727
759.0,-553.928977567964
759.5,-541.9984372306988
760.0,-524.0846183620329
760.5,-548.1257826642906
761.0,-544.8775242290698
761.5,-502.163938776328
762.0,-537.2922517592876
762.5,-574.9297299553375
763.0,-558.1969595452139
763.5,-525.3542079375472
764.0,-539.3467058123476
764.5,-570.475199809876
765.0,-597.0139855029075
765.5,-525.9502154824193
766.0,-488.4010475268907
766.5,-559.8087080134201
767.0,-587.009214459709
767.5,-540.098554958126
768.0,-538.4913085806169
768.5,-570.7367828229751
769.0,-556.2513060172595
769.5,-569.4611904598714
770.0,-541.287106901158
770.5,-517.2324363268219
771.0,-545.0013317231429
771.5,-546.8336826353102
772.0,-522.459363621748
772.5,-561.1210674505182
773.0,-576.4979582135062
773.5,-559.4785546959107
774.0,-566.9400196716118
774.5,-582.1976050312303
775.0,-560.0150538368611
775.5,-532.6453438153573
776.0,-529.8968174470942
776.5,-513.4326717816716
777.0,-559.8201363974833
777.5,-571.4195999114621
778.0,-524.3637479850138
778.5,-544.7270505055161
779.0,-592.8765641557547
779.5,-571.0297938922552
780.0,-539.5620558171681
780.5,-552.8094576822265
781.0,-540.3236594927982
781.5,-529.8543691634139
782.0,-536.221611715376
782.5,-542.5888542673381
783.0,-563.3248408448917
783.5,-541.9759267772398
784.0,-547.0895514563923
784.5,-606.9861163885794
785.0,-573.8656204166027
785.5,-550.5344011852113
786.0,-557.5576626667685
786.5,-545.1457737995473
787.0,-536.6499534870501
787.5,-543.8788104436045
788.0,-526.3559231168072
788.5,-522.6664597936377
789.0,-586.0108758484702
789.5,-582.3004027687242
790.0,-565.0941624873608
790.5,-571.3970894579874
791.0,-549.5079245071272
791.5,-530.2434784304787
792.0,-549.636684300964
792.5,-552.3661089415716
793.0,-572.915794718532
793.5,-579.6134049732755
794.0,-583.1226115113715
794.5,-571.6807211716739
795.0,-545.0373484486818
795.5,-568.4333285231239
796.0,-571.2170058302593
796.5,-553.2469108279261
797.0,-555.9211526997518
797.5,-555.6982992104313
798.0,-568.520253504963
798.5,-585.4451131180039
799.0,-581.3966080620467
799.5,-540.9775881659922
800.0,-566.6924046834847
800.5,-570.7532904888449
801.0,-544.1061083045074
801.5,-548.3373809268679
802.0,-574.445004857359
802.5,-565.2067147546941
803.0,-571.230512102336
803.5,-581.0499470786635
804.0,-563.9851474799058
804.5,-585.2222596286817
805.0,-579.5233631594165
805.5,-553.8783290476608
806.0,-564.3648237950456
806.5,-579.145187541177
807.0,-552.0174736194106
807.5,-542.5159682608625
808.0,-533.0144629023143
808.5,-543.8037755987183
809.0,-584.3416391452469
809.5,-578.17723804212
810.0,-566.102630802663
810.5,-588.032689743981
811.0,-575.1113142799709
811.5,-559.8252156792939
812.0,-584.1740228455928
812.5,-569.7999727845389
813.0,-579.6426685627798
813.5,-590.2207808557719
814.0,-565.4993506497611
814.5,-561.9877199089681
815.0,-608.3412456872649
815.5,-584.471160831351
816.0,-549.3758631801277
816.5,-586.4355730705394
817.0,-561.5915359279643
817.5,-531.6661390895591
818.0,-576.0903458484287
818.5,-588.9912598874284
819.0,-547.9479500819018
819.5,-582.424210262791
820.0,-584.6107256428402
820.5,-576.1017742324948
821.0,-582.4992451076821
821.5,-562.3613934365117
822.0,-543.523895627283
822.5,-581.9589942244854
823.0,-572.341835874254
823.5,-541.0034751874769
824.0,-581.4007349785161
824.5,-600.8722772270661
825.0,-585.1025790510832
825.5,-582.1105646111611
826.0,-595.2086471348916
826.5,-555.1916408501003
827.0,-568.6688224978486
827.5,-564.955290305207
828.0,-552.3892625508494
828.5,-586.7402145407866
829.0,-588.4206198920522
829.5,-569.2946131042142
830.0,-588.7796616248443
830.5,-608.6293794916323
831.0,-562.3756500570528
831.5,-569.0560022974662
832.0,-575.7220979173578
832.5,-552.7475539351914
833.0,-565.8820283586821
833.5,-595.0614634006819
834.0,-574.1163522367445
834.5,-601.8042100005771
835.0,-602.1137287357528
835.5,-557.0189124804614
836.0,-575.358929268099
836.5,-604.3175021301173
837.0,-578.794024467079
837.5,-549.5979663210003
838.0,-587.5100720493319
838.5,-588.9057201642562
839.0,-598.7585456465591
839.5,-595.7128812925357
840.0,-564.4308544585508
840.5,-589.2955261834677
841.0,-627.4526206803455
841.5,-572.4460765895348
842.0,-544.2337252599273
842.5,-580.4597980236208
843.0,-575.705590251484
843.5,-579.2674366192246
844.0,-605.766049810696
844.5,-607.6479237204903
845.0,-569.4161695529317
845.5,-611.5287258981289
846.0,-606.5501639397683
846.5,-577.745037335551
847.0,-580.6001131835549
847.5,-558.7462146097935
848.0,-570.7990040251191
848.5,-621.5458776907233
849.0,-603.7356069079998
849.5,-556.0573409432187
850.0,-590.9001463413875
850.5,-607.2326924327004
851.0,-583.1115294419692
851.5,-593.7484690533546
852.0,-581.697872964287
852.5,-542.2775668536838
853.0,-590.7110585322725
853.5,-613.5906834356609
854.0,-575.4373406810037
854.5,-601.592611737998
855.0,-607.2599935724184
855.5,-599.1299681287577
856.0,-606.5314052285524
856.5,-604.3298828795241
857.0,-560.8892097798112
857.5,-584.9702002689762
858.0,-611.807855521107
858.5,-580.806459007
859.0,-592.5434094444486
859.5,-597.5137175698571
860.0,-589.8826738447041
860.5,-607.2888819876914
861.0,-617.9321995608971
861.5,-558.1249260941231
862.0,-584.5663973652455
862.5,-589.5472680880534
863.0,-588.4495083073352
863.5,-589.6958370809327
864.0,-600.2689970741621
864.5,-645.8136472245479
865.0,-597.261600491021
865.5,-583.2702281389114
866.0,-596.9779687773542
866.5,-589.1453699150071
867.0,-584.3676127454072
867.5,-616.4098706663851
868.0,-607.4413765840501
868.5,-598.4728825017149
869.0,-594.1129075230681
869.5,-600.7056998714141
870.0,-619.2858281626868
870.5,-596.2328727676166
871.0,-591.9446313822461
871.5,-609.5628129620446
872.0,-598.3421022574324
872.5,-559.4703008629693
873.0,-620.251526616401
873.5,-626.318093825631
874.0,-580.5131304825928
874.5,-606.7339993097443
875.0,-631.7008627214806
875.5,-602.7001260485432
876.0,-562.9080222815329
876.5,-619.9601028226645
877.0,-625.3771568707095
877.5,-510.4755485446119
878.0,-593.9795763755936
878.5,-737.7448384849567
879.0,-730.847635542805
879.5,-513.925650712597
880.0,-490.1703691693349
880.5,-656.1444446688054
881.0,-705.1587060468082
881.5,-537.2172169144234
882.0,-523.1493090205197
882.5,-645.7806318928142
883.0,-709.2938763486272
883.5,-591.5735840742857
884.0,-587.9197623024339
884.5,-646.1272928761773
885.0,-612.5672081513827
885.5,-588.6764887131227
886.0,-598.3240938946549
886.5,-631.9065736346951
887.0,-631.8061423807779
887.5,-585.6687169557656
888.0,-541.0394919130267
888.5,-643.7636952621751
889.0,-679.2911936199649
889.5,-597.0087330637513
890.0,-548.6041298004432
890.5,-637.5733205589121
891.0,-598.7502918136053
891.5,-544.5209586461585
892.0,-585.0114117145583
892.5,-626.0323842239479
893.0,-691.2022248975616
893.5,-631.3122976631996
894.0,-556.8013114302832
894.5,-608.8364756635228
895.0,-698.2378671285261
895.5,-627.6101938545828
896.0,-534.1392875770752
896.5,-556.3668596783732
897.0,-634.1798696988079
897.5,-669.1419805003615
898.0,-640.7292861349033
898.5,-557.039922237037
899.0,-596.9509562332103
899.5,-671.829728644272
900.0,-637.8974710888198
900.5,-594.6728983423823
901.0,-587.442540688932
901.5,-592.1815106156405
902.0,-603.1908539341122
902.5,-627.4166039547994
903.0,-620.5321569362827
903.5,-619.6201083966623
904.0,-636.9407768164865
904.5,-629.3660092249969
905.0,-624.851451203622
905.5,-604.6990543163796
906.0,-585.9613528508336
906.5,-596.4442978728651
907.0,-660.9346691664615
907.5,-639.6217718243398
908.0,-604.0740140584501
908.5,-595.9019691016516
909.0,-630.3879838123758
909.5,-650.6453140442476
910.0,-639.8873951752557
910.5,-589.4463173621286
911.0,-572.135432331697
911.5,-649.3237772684339
912.0,-660.8108616724036
912.5,-611.2090774589047
913.0,-586.5635074810637
913.5,-620.7673911750078
914.0,-638.1705979242041
914.5,-650.4628062138307
915.0,-610.5285114157535
915.5,-586.7987417197883
916.0,-623.144119886863
916.5,-629.2894736832079
917.0,-595.7263875646142
917.5,-621.4070632276744
918.0,-655.5201547593158
918.5,-609.777412618424
919.0,-613.0954534593876
919.5,-629.8432308384895
920.0,-611.6510326952844
920.5,-613.1779917887632
921.0,-631.5221354928708
921.5,-620.0106647643076
922.0,-610.8250144912902
922.5,-614.6441726578854
923.0,-615.013344094735
923.5,-638.0550442630853
924.0,-666.544274170324
924.5,-617.0572932695
925.0,-589.0148958635692
925.5,-654.6369946349768
926.0,-627.4571227710459
926.5,-593.4213171296414
927.0,-623.0702105646385
927.5,-644.4806532051034
928.0,-638.7978892274755
928.5,-643.0793774768091
929.0,-614.8554246058072
929.5,-610.4887429479616
930.0,-652.313165488787
930.5,-628.348536728312
931.0,-595.7624042901622
931.5,-605.0682257532311
932.0,-621.4896015570622
932.5,-621.9930853662559
933.0,-648.8780702897865
933.5,-630.1685068910768
934.0,-606.2117567893256
934.5,-642.7417206748044
935.0,-640.2835791562592
935.5,-623.3557181494351
936.0,-625.7123894700491
936.5,-615.2519549014861
937.0,-611.9699307860641
937.5,-658.4255039533917
938.0,-652.1375839517466
938.5,-629.9662879841043
939.0,-649.2967647242649
939.5,-670.2078504720048
940.0,-623.3242035145751
940.5,-613.3745830823761
941.0,-613.5996876170415
941.5,-619.7675518668652
942.0,-661.4946599857826
942.5,-649.6434257076498
943.0,-610.206611931186
943.5,-630.3005682180926
944.0,-664.8334797068674
944.5,-639.8288679962417
945.0,-650.0643711874736
945.5,-646.9320415876048
946.0,-600.9540652079947
946.5,-596.9179409014371
947.0,-631.8916821039473
947.5,-659.8946862163075
948.0,-656.6261683729693
948.5,-641.5261561876188
949.0,-627.8285452532319
949.5,-658.962753442792
950.0,-661.5495797203291
950.5,-613.0789457935061
951.0,-601.3813597900778
951.5,-650.6473919322578
952.0,-637.3245800480873
952.5,-619.22805133212
953.0,-648.5719281226394
953.5,-660.1270633590148
954.0,-646.3704057736167
954.5,-660.8165758644296
955.0,-652.7273578325704
955.5,-631.3919500369886
956.0,-654.7214376950344
956.5,-620.6139449172144
957.0,-610.6688265756989
957.5,-666.2021152776367
958.0,-666.1675992489857
958.5,-632.7966023332918
959.0,-672.9357422579244
959.5,-682.0521007376385
960.0,-621.3973086978494
960.5,-638.9769339111996
961.0,-650.9580361900939
961.5,-619.6572506448833
962.0,-635.1538219854618
962.5,-638.0190275375301
963.0,-619.533443150819
963.5,-672.7076363294531
964.0,-667.8142389200493
964.5,-611.7988513397135
965.0,-645.4744897256437
965.5,-673.770129733084
966.0,-637.1141073081745
966.5,-614.0363904142914
967.0,-646.7215688476933
967.5,-648.1205935306381
968.0,-669.0384324144152
968.5,-667.0485083279738
969.0,-640.9521396242221
969.5,-660.8851461688404
970.0,-675.5394513755521
970.5,-625.3238244117509
971.0,-624.0220275720474
971.5,-651.3272076269459
972.0,-642.4265743262806
972.5,-653.960930682537
973.0,-654.2573183198376
973.5,-638.437721972011
974.0,-654.5420755561827
974.5,-684.4625951296814
975.0,-636.2226933509046
975.5,-628.285507458604
976.0,-651.6284725291795
976.5,-650.2046863474125
977.0,-647.9191249721108
977.5,-671.1249782934256
978.0,-663.5233713151101
978.5,-648.5332851775236
979.0,-669.5351630875742
979.5,-653.1145376321831
980.0,-650.1056403521634
980.5,-648.9666114067562
981.0,-636.9160153176736
981.5,-616.3189503957972
982.0,-648.9996267385019
982.5,-674.4814600626179
983.0,-663.5413796778842
983.5,-667.0755208721312
984.0,-646.9646817451337
984.5,-661.5975154423895
985.0,-668.421645989429
985.5,-635.2322333983816
986.0,-620.0039116282692
986.5,-665.3107013203602
987.0,-672.7121384201532
987.5,-649.6764410394024
988.0,-669.4856400899544
988.5,-677.5248733712942
989.0,-659.9251619071526
989.5,-672.0278206347691
990.0,-658.4540171944478
990.5,-628.6006538071335
991.0,-666.8234037933006
991.5,-652.0948140901502
992.0,-629.685657664224
992.5,-669.2710404335613
993.0,-674.8146147739193
993.5,-662.1479826083071
994.0,-675.431401198907
994.5,-669.4278632593837
995.0,-637.78266777613
995.5,-653.6682947874637
996.0,-653.6319317472573
996.5,-625.3501443265676
997.0,-658.3099502922641
997.5,-696.6902734527044
998.0,-653.0920271787162
998.5,-680.5210147276985
999.0,-704.0106729200179
999.5,-663.2086001408142
1000.0,-654.1410143102657
1000.5,-673.3916078001721
1001.0,-646.4604475874855
1001.5,-650.3997769441314
1002.0,-690.1456188433123
1002.5,-642.2239802450838
1003.0,-644.7787435562001
1003.5,-697.6177041355265
1004.0,-695.526483008482
1004.5,-667.4717048531407
1005.0,-658.6746196384169
1005.5,-646.9031531723236
1006.0,-674.3223861914529
1006.5,-680.8841833769479
1007.0,-629.2714653204333
1007.5,-642.990836359833
1008.0,-686.0158164188664
1008.5,-688.3794140328553
1009.0,-662.3708360976261
1009.5,-685.2594651823974
1010.0,-652.8128975557304
1010.5,-636.8045885730136
1011.0,-670.6287959518207
1011.5,-665.614592442153
1012.0,-659.4084604214323
1012.5,-683.5756832630984
1013.0,-672.8738385108883
1013.5,-678.3667643309466
1014.0,-705.5548900278181
1014.5,-668.5231161873647
1015.0,-663.0416476109294
1015.5,-680.5998013148245
1016.0,-675.5079367406971
1016.5,-656.4190722010682
1017.0,-679.0353247989007
1017.5,-677.6239193665469
1018.0,-685.1514150057546
1018.5,-690.4368694796982
1019.0,-672.7128887685967
1019.5,-669.929846371685
1020.0,-684.9228473244024
1020.5,-665.8419480221611
1021.0,-639.3385152848945
1021.5,-684.9863383470029
1022.0,-677.1827144786079
1022.5,-656.0607808167323
1023.0,-677.066785643246
1023.5,-689.6084847921284
1024.0,-670.0559049110987
1024.5,-676.2334659716538
1025.0,-667.7778470202844
1025.5,-655.8112899574783
1026.0,-687.303760671827
1026.5,-664.5363417211099
1027.0,-657.0471138527953
1027.5,-695.056014531036
1028.0,-709.5249836708764
1028.5,-655.3385704346854
1029.0,-664.3269945038705
1029.5,-700.3549752770496
1030.0,-686.0009248881103
1030.5,-673.7908393502653
1031.0,-666.8774288816257
1031.5,-681.8600403942834
1032.0,-697.253034789363
1032.5,-686.8757157412902
1033.0,-640.3826251515142
1033.5,-687.9922342332147
1034.0,-733.8325216724767
1034.5,-674.4544475184593
1035.0,-648.9005807432636
1035.5,-684.8632812013825
1036.0,-674.8877737476901
1036.5,-659.2238747030023
1037.0,-688.3433973073144
1037.5,-663.9784287897951
1038.0,-685.5475989867623
1038.5,-713.947133394809
1039.0,-695.9204159441485
1039.5,-674.206832530328
1040.0,-711.4852689935793
1040.5,-680.3431821452979
1041.0,-665.771415267969
1041.5,-685.8364831395862
1042.0,-676.200133184795
1042.5,-675.5934764638691
1043.0,-686.4885359416667
1043.5,-709.4942193844611
1044.0,-709.1070395848371
1044.5,-713.9737996243014
1045.0,-666.3475328070255
1045.5,-648.1577357788588
1046.0,-704.0072963520032
1046.5,-713.9325304596169
1047.0,-666.0850609196025
1047.5,-677.0296433950331
1048.0,-682.4276501363053
1048.5,-700.998774246188
1049.0,-725.1164740902332
1049.5,-684.1744613253277
1050.0,-653.4236811931275
1050.5,-684.6967038457232
1051.0,-698.6621891763646
1051.5,-670.37070494496
1052.0,-691.6209193320344
1052.5,-693.0214447118792
1053.0,-671.5408444914501
1053.5,-706.817726467302
1054.0,-712.8842936765183
1054.5,-679.3819857822814
1055.0,-686.8847199226775
1055.5,-699.4950759546341
1056.0,-661.6965614376411
1056.5,-671.1994359472012
1057.0,-681.5400456403851
1057.5,-694.7813869987375
1058.0,-726.318532305335
1058.5,-719.004510799851
1059.0,-673.9141966352622
1059.5,-697.7302564028587
1060.0,-718.3927747971115
1060.5,-668.3012150633857
1061.0,-670.3575449875498
1061.5,-685.5558528197022
1062.0,-693.1561322584535
1062.5,-706.5498520710402
1063.0,-716.7128023391742
1063.5,-682.9228801125682
1064.0,-700.8171899215581
1064.5,-721.8850984951116
1065.0,-689.4644178899403
1065.5,-686.7609124286159
1066.0,-680.5367720451144
1066.5,-668.0536000752528
1067.0,-696.2239318917137
1067.5,-731.2078027982766
1068.0,-699.4095362314442
1068.5,-680.298161238371
1069.0,-711.1870054851493
1069.5,-704.4068569010267
1070.0,-697.0026492838814
1070.5,-719.3898147283508
1071.0,-663.2993923031169
1071.5,-658.1448736335141
1072.0,-732.24778574843
1072.5,-725.7872856035445
1073.0,-678.6762830661087
1073.5,-685.5475989867601
1074.0,-719.206729706814
1074.5,-705.8148857653568
1075.0,-715.3109205602144
1075.5,-694.6064980910373
1076.0,-677.0566559391903
1076.5,-714.1088623451121
1077.0,-710.5030628739842
1077.5,-670.888791689373
1078.0,-703.3015936358183
1078.5,-711.9804989698395
1079.0,-689.7075307873782
1079.5,-725.694242395871
1080.0,-714.770669677008
1080.5,-684.6644388624271
1081.0,-688.9376732788206
1081.5,-698.8997610391066
1082.0,-693.8629604973003
1082.5,-727.1126318407125
1083.0,-721.2536802753816
1083.5,-674.9856942202624
1084.0,-713.3300006551581
1084.5,-757.3807070438176
1085.0,-693.7188935951013
1085.5,-657.5671053278684
1086.0,-697.2845494242137
1086.5,-707.5628224770328
1087.0,-723.6803071590629
1087.5,-708.458738525002
1088.0,-686.4660254882002
1088.5,-718.9641940005041
1089.0,-740.9143103330443
1089.5,-691.6389276948132
1090.0,-684.9368153493732
1090.5,-722.109077507107
1091.0,-710.1852903058762
1091.5,-695.9474284883036
1092.0,-709.2443533509846
1092.5,-718.3400772483602
1093.0,-713.1649239963982
1093.5,-728.7271508262637
1094.0,-697.1524880972088
1094.5,-719.5924088095531
1095.0,-730.712572822013
1095.5,-676.5839364163837
1096.0,-672.7913001815031
1096.5,-723.0725249154691
1097.0,-723.4822151685611
1097.5,-704.7666489822642
1098.0,-730.077778034257
1098.5,-717.0327970930691
1099.0,-712.938318764837
1099.5,-709.6570449978705
1100.0,-691.3192792555901
1100.5,-697.1314783406478
1101.0,-733.9810906653529
1101.5,-714.9237407605935
1102.0,-682.4482847186508
1102.5,-719.5924088095492
1103.0,-745.5529644440475
1103.5,-742.6115985244206
1104.0,-726.7147162863624
1104.5,-709.8138678236855
1105.0,-685.1649212778287
1105.5,-714.5833134412381
1106.0,-707.9409980952697
1106.5,-679.5057932763484
1107.0,-710.7795662774001
1107.5,-734.0171073909019
1108.0,-701.5210167666153
1108.5,-729.9367125258686
1109.0,-740.4520956885306
1109.5,-708.2329413610082
1110.0,-708.0558014079483
1110.5,-712.587155690763
1111.0,-683.6387125328024
1111.5,-692.1296555803766
1112.0,-726.0078880475068
1112.5,-703.2396898887839
1113.0,-721.3527262706293
1113.5,-743.2418912214836
1114.0,-729.2186290602865
1114.5,-732.437623905992
1115.0,-724.4771772117768
1115.5,-707.0405799566092
1116.0,-710.2719555517313
1116.5,-727.7772096899796
1117.0,-688.8427830595973
1117.5,-717.2063007421052
1118.0,-759.9806644191958
1118.5,-743.0483013216609
1119.0,-729.8121546833509
1119.5,-730.2998811751297
1120.0,-707.2071573122618
1120.5,-720.758450299115
1121.0,-738.910879974525
1121.5,-696.8883654432038
1122.0,-701.3814519551215
1122.5,-719.4502177784817
1123.0,-737.9594381413325
1123.5,-740.3380427243097
1124.0,-743.4018885984292
1124.5,-713.3480090179286
1125.0,-710.91988143734
1125.5,-737.2496085086876
1126.0,-735.7954332147478
1126.5,-713.2392084928423
1127.0,-723.4416963523236
1127.5,-716.1032885222348
1128.0,-715.6125606366608
1128.5,-756.6873850770439
1129.0,-734.4433053098696
1129.5,-716.2072868172486
1130.0,-725.1774254719282
1130.5,-736.8624287090702
1131.0,-733.554430993495
1131.5,-734.2287056534858
1132.0,-719.7267211818861
1132.5,-699.1334080022667
1133.0,-742.1208706388597
1133.5,-751.0665248464502
1134.0,-732.643969729441
1134.5,-737.4251900457323
1135.0,-732.2027648414967
1135.5,-711.9598643875071
1136.0,-739.5726873064397
1136.5,-733.4138272380011
1137.0,-703.1282631441263
1137.5,-732.3513338343665
1138.0,-750.373202879678
1138.5,-732.6522235623776
1139.0,-734.4344165667013
1139.5,-731.8561038581115
1140.0,-710.3135998906486
1140.5,-725.2920556272724
1141.0,-730.8652687313613
1141.5,-736.4077175490453
1142.0,-735.6648725846499
1142.5,-732.6211129613109
1143.0,-713.1274065739592
1143.5,-744.3719159855054
1144.0,-779.9249261905443
1144.5,-721.6453621656913
1145.0,-711.4852689935798
1145.5,-751.4131858298342
1146.0,-720.5768659744909
1146.5,-707.1261196797868
1147.0,-749.9732094373024
1147.5,-739.3971057693977
1148.0,-732.4839723524948
1148.5,-745.3983926635805
1149.0,-742.5980922523418
1149.5,-744.1002898470036
1150.0,-750.7198638630629
1150.5,-710.5154436233894
1151.0,-693.0998561247807
1151.5,-741.7809627915058
1152.0,-739.9553650153789
1152.5,-739.3067176408647
1153.0,-745.4614219332782
1153.5,-751.4582067367654
1154.0,-739.0210080391743
1154.5,-767.683741595444
1155.0,-750.1090802256756
1155.5,-725.2237739184305
1156.0,-737.0515165181881
1156.5,-724.1080057749316
1157.0,-720.7213080508959
1157.5,-750.9179558535707
1158.0,-751.3636628322121
1158.5,-738.6073640269491
1159.0,-769.4035402402874
1159.5,-754.3807562260625
1160.0,-736.4122196397378
1160.5,-739.7212562993147
1161.0,-730.0976622681529
1161.5,-732.7745303595412
1162.0,-744.6780581526472
1162.5,-737.9883265566193
1163.0,-737.1877047616559
1163.5,-773.4959406804992
1164.0,-766.1558012770652
1164.5,-737.9654409289255
1165.0,-743.4489873933748
1165.5,-740.7009804971138
1166.0,-714.4735316912565
1166.5,-746.6704064417728
1167.0,-750.1300899822398
1167.5,-725.6117040664967
1168.0,-750.2865376338311
1168.5,-764.4782530218092
1169.0,-754.4423425179831
1169.5,-769.7862179492216
1170.0,-762.337133722913
1170.5,-716.5444934101741
1171.0,-732.1982627508041
1171.5,-740.3335406336081
1172.0,-727.2864818044026
1172.5,-741.1314496303225
1173.0,-782.9503311364318
1173.5,-753.8893357111529
1174.0,-753.3198212384506
1174.5,-767.7970442112268
1175.0,-744.6615504867721
1175.5,-755.3660214585603
1176.0,-740.0435309581122
1176.5,-724.3983906246533
1177.0,-729.7716358671119
1177.5,-769.5250966889934
1178.0,-756.411199128742
1178.5,-761.1527086963517
1179.0,-772.6040765141586
1179.5,-736.9943745978462
1180.0,-745.1102588591989
1180.5,-774.9077212870768
1181.0,-749.9605112328053
1181.5,-716.6975644937596
1182.0,-746.5464257903717
1182.5,-749.4941696718109
1183.0,-758.5940204856579
1183.5,-766.9481692390873
1184.0,-764.0235418617863
1184.5,-748.1311617144139
1185.0,-762.4682426845814
1185.5,-764.8699349121264
1186.0,-742.9492553264287
1186.5,-744.7688503149628
1187.0,-753.2905576489433
1187.5,-763.4142589212938
1188.0,-762.2091993123822
1188.5,-759.1635349583651
1189.0,-744.4214389831295
1189.5,-775.6134240032405
1190.0,-762.0156094125714
1190.5,-718.1427356062992
1191.0,-688.1380327087596
1191.5,-692.8770026354687
1192.0,-729.7551282012311
1192.5,-752.0734924648524
1193.0,-741.4635653976271
1193.5,-697.4940697987886
1194.0,-716.8362288870925
1194.5,-758.1978365046494
1195.0,-750.4144720443734
1195.5,-702.3524028479827
1196.0,-689.2032966297295
1196.5,-728.880221909837
1197.0,-767.0219342635132
1197.5,-711.4571309267452
1198.0,-678.6524739326314
1198.5,-731.4959366026468
1199.0,-755.4039140552256
1199.5,-737.0350088523072
1200.0,-687.8256568775787
1200.5,-719.4798565422099
1201.0,-747.042781289306
1201.5,-746.5269167307025
1202.0,-706.4297963192217
1202.5,-722.2977901420007
1203.0,-734.804973262229
1203.5,-709.0176904003098
1204.0,-705.8790405577298
1204.5,-746.8840825923727
1205.0,-744.5790121573948
1205.5,-715.616312378905
1206.0,-706.2482119945876
1206.5,-717.0566062265445
1207.0,-762.5063372981404
1207.5,-726.0754194079138
1208.0,-697.9321578547153
1208.5,-712.3890637002585
1209.0,-746.2402836232263
1209.5,-736.0801038724404
1210.0,-701.3949582272173
1210.5,-722.4688984479069
1211.0,-738.3481186378617
1211.5,-735.7969339116543
1212.0,-714.6671215910701
1212.5,-728.8306989122104
1213.0,-754.8032601218914
1213.5,-789.9645884366151
1214.0,-744.2863762623309
1214.5,-750.5893032329597
1215.0,-758.8530638578587
1215.5,-767.5576830560303
1216.0,-766.3196081153718
1216.5,-746.7786586353026
1217.0,-754.906808207841
1217.5,-771.731121128724
1218.0,-765.9977086307995
1218.5,-754.4836116826676
1219.0,-763.3317205919111
1219.5,-761.5571465103026
1220.0,-767.2245283447254
1220.5,-769.1690852095637
1221.0,-775.2832706857464
1221.5,-763.1321279045101
1222.0,-752.539834025833
1222.5,-757.270405821832
1223.0,-770.7023934053041
1223.5,-768.4367162638974
1224.0,-747.1500811174978
1224.5,-751.6698049993508
1225.0,-769.8687562785976
1225.5,-775.4731088433107
1226.0,-755.7712096209561
1226.5,-744.3466350146876
1227.0,-753.5111600929092
1227.5,-769.664315185829
1228.0,-768.6967120014373
1228.5,-741.1304106863175
1229.0,-744.9751961384063
1229.5,-760.5209153023901
1230.0,-766.7776958434156
1230.5,-745.983664453706
1231.0,-752.6017377728685
1231.5,-760.57043830002
1232.0,-767.9178503114942
1232.5,-762.0111073218768
1233.0,-760.2117717414558
1233.5,-749.9811458151383
1234.0,-746.7039989646362
1234.5,-756.4397700889089
1235.0,-764.5367802008218
1235.5,-765.4552067022553
1236.0,-741.2294566815754
1236.5,-754.9251917448386
1237.0,-767.8383133759144
1237.5,-767.4091140631508
1238.0,-748.3675214758117
1238.5,-749.3062073853675
1239.0,-762.8575003722196
1239.5,-770.5695817298528
1240.0,-756.3879960459374
1240.5,-747.3151577762508
1241.0,-766.5177001058764
1241.5,-764.404718873817
1242.0,-762.7085562051161
1242.5,-748.9190275857425
1243.0,-758.808620142036
1243.5,-758.9361793783496
1244.0,-760.9958858705356
1244.5,-752.7322984029723
1245.0,-759.0282990802268
1245.5,-765.7613488694037
1246.0,-756.216916599592
1246.5,-754.9563312054677
1247.0,-753.4436287325158
1247.5,-760.9958858705315
1248.0,-753.4121140976624
1248.5,-756.8730963181415
1249.0,-757.3064225473718
1249.5,-762.6053832933931
1250.0,-757.2253849148913
1250.5,-758.693066480911
1251.0,-764.0580578904302
1251.5,-758.2113427767213
1252.0,-750.5179624112042
1252.5,-749.4727847410186
1253.0,-766.2824658671523
1253.5,-758.1318058411454
1254.0,-763.5238097948303
1254.5,-756.6007198311954
1255.0,-760.421869307137
1255.5,-759.1140119607344
1256.0,-761.533885708388
1256.5,-752.9483987562508
1257.0,-758.8776521993369
1257.5,-765.1085457188733
1258.0,-756.9102385663597
1258.5,-758.1663218697928
1259.0,-756.4302464355213
1259.5,-770.2139165650726
1260.0,-756.1921551007795
1260.5,-756.9556346475185
1261.0,-753.0564489328901
1261.5,-764.0415502245578
1262.0,-762.3412606393841
1262.5,-762.399037469951
1263.0,-758.5610051539063
1263.5,-759.2460732877377
1264.0,-762.753952286273
1264.5,-755.6766657164009
1265.0,-770.9747698922492
1265.5,-768.3050301111211
1266.0,-759.1387734595465
1266.5,-752.4449149470499
1267.0,-766.2700851177448
1267.5,-766.344369614184
1268.0,-761.1958825917183
1268.5,-753.1870095629962
1269.0,-765.4364479910333
1269.5,-766.6662690987572
1270.0,-760.7235093835916
1270.5,-757.6835592216042
1271.0,-756.4690336784173
1271.5,-774.3423337308434
1272.0,-768.00789212536
1272.5,-773.9506518405242
1273.0,-760.7882702266394
1273.5,-762.0111073218776
1274.0,-755.7588288715485
1274.5,-752.4711771427594
1275.0,-757.8511755212621
1275.5,-764.8114077331136
1276.0,-768.3455489273601
1276.5,-762.7310955181396
1277.0,-762.9430400953867
1277.5,-754.216949387758
1278.0,-764.100077403573
1278.5,-765.0320101770849
1279.0,-767.0294377480178
1279.5,-760.9621201903374
1280.0,-759.9270145051008
1280.5,-760.1911371591056
1281.0,-766.5672231035028
1281.5,-762.1821867682206
1282.0,-761.5901618420537
1282.5,-755.3975360934104
1283.0,-754.9113102985331
1283.5,-769.4928894248159
1284.0,-762.245216037929
1284.5,-756.6915119935121
1285.0,-752.3788842835484
1285.5,-763.8021890693626
1286.0,-763.6577469929542
1286.5,-763.451776343734
1287.0,-760.1292334120753
1287.5,-760.2054226391946
1288.0,-761.903057145237
1288.5,-759.3143549965863
1289.0,-757.5197523833018
1289.5,-752.7232942215862
1290.0,-756.9237448384375
1290.5,-755.870255616207
1291.0,-765.0815331747134
1291.5,-760.6829905673524
1292.0,-766.1504045401476
1292.5,-762.5018352074509
1293.0,-766.4996917431035
1293.5,-762.5482413730549
1294.0,-745.4884344774435
1294.5,-749.6684525288451
1295.0,-753.9523649808586
1295.5,-767.1614990750195
1296.0,-756.9226193157662
1296.5,-761.4033250782809
1297.0,-751.2398553381458
1297.5,-759.4778155202181
1298.0,-754.91941406178
1298.5,-755.3570172771717
1299.0,-761.5730192659531
1299.5,-761.7679944244418
1300.0,-763.0555923627262
1300.5,-755.6759730870572
1301.0,-761.925567598704
1301.5,-761.4539735985808
1302.0,-769.1094036483194
1302.5,-753.7242590524013
1303.0,-759.3818863569861
1303.5,-761.5158773456138
1304.0,-767.8548210417885
1304.5,-766.9634070845132
1305.0,-758.99020446667
1305.5,-757.3919622705452
1306.0,-759.3254370659855
1306.5,-761.2457519040149
1307.0,-751.9399304409563
1307.5,-759.9146337556948
1308.0,-753.2635451047812
1308.5,-757.6530835307562
