Depth;depth;force;Force
0,0;;;-4,212318202772197
0,5;;;-1,618551202089856
1,0;;;0,4072489195631306
1,5;;;-2,9757533383675394
2,0;;;3,365598172385992
2,5;;;4,787101357145422
3,0;;;8,565307814168012
3,5;;;17,00763694012237
4,0;;;3,518637304306372
4,5;;;-3,215148403537583
5,0;;;6,95319499407322
5,5;;;1,665723958675832
6,0;;;-9,748482852195169
6,5;;;-10,973895662780372
7,0;;;-11,9337789160156
7,5;;;-12,683001842226703
8,0;;;-11,093201066153194
8,5;;;-10,77522648115996
9,0;;;-10,209925503593166
9,5;;;-8,681205977215123
10,0;;;-7,450620091266719
10,5;;;-7,422777834879618
11,0;;;3,695568025576531
11,5;;;3,5205853243194287
12,0;;;-4,695786467100305
12,5;;;10,744752603064006
13,0;;;11,913232725089783
13,5;;;-3,8971249574621822
14,0;;;11,755847137935701
14,5;;;7,7151485918044305
15,0;;;-4,87581381869771
15,5;;;-4,17437870932458
16,0;;;-1,4534745433367409
16,5;;;-8,611524579912459
17,0;;;2,042341160905563
17,5;;;4,99463402981862
18,0;;;-11,982363978080464
18,5;;;-5,6575831088797415
19,0;;;-0,18960637474622644
19,5;;;-15,515379649653486
20,0;;;-9,601003307545394
20,5;;;-5,15806027370118
21,0;;;-19,766103612585916
21,5;;;-13,818185251835022
22,0;;;6,805639693090166
22,5;;;4,361538348405094
23,0;;;10,400436458583929
23,5;;;16,441001208103124
24,0;;;8,56086344258581
24,5;;;12,272977909551436
25,0;;;14,911296849385172
25,5;;;9,226047342522088
26,0;;;14,138059165366027
26,5;;;7,312956895961511
27,0;;;-1,420706277537425
27,5;;;-8,498812177240948
28,0;;;-9,441799568381576
28,5;;;4,609866167563716
29,0;;;10,532638475919363
29,5;;;1,6135747414767803
30,0;;;-13,406853611508781
30,5;;;1,9240314122051174
31,0;;;4,496601069203313
31,5;;;9,141351761354752
32,0;;;13,630142528404388
32,5;;;11,846686197029241
33,0;;;6,453584436406759
33,5;;;15,836524263503485
34,0;;;16,846787502392097
34,5;;;9,836455805689782
35,0;;;7,475578204832061
35,5;;;-8,86822672065381
36,0;;;-14,333580842660554
36,5;;;-2,9629880353792633
37,0;;;-14,580961346904003
37,5;;;-16,7406142524815
38,0;;;-13,186807229336145
38,5;;;-6,961970093708722
39,0;;;1,858289344258754
39,5;;;1,6465467838953423
40,0;;;-1,8363831287133703
40,5;;;-6,426408888318052
41,0;;;-3,6534961954659444
41,5;;;-3,123526528996239
42,0;;;-5,612609098723762
42,5;;;-3,8066105683709246
43,0;;;-3,397934728664671
43,5;;;1,4062105879959947
44,0;;;4,39652334483498
44,5;;;5,476137679889506
45,0;;;6,072217373637821
45,5;;;3,217689857192223
46,0;;;3,4194758708312687
46,5;;;-1,0934010814275066
47,0;;;2,4744119994601963
47,5;;;-8,154179985428039
48,0;;;-10,731298629900015
48,5;;;-7,157904832420952
49,0;;;7,168310515014566
49,5;;;13,501720391378454
50,0;;;0,29990219459614487
50,5;;;-4,213443725445126
51,0;;;-2,1551311497985193
51,5;;;-8,712872124736284
52,0;;;-4,995119222071194
52,5;;;-3,1576132717525045
53,0;;;-10,699877788603365
53,5;;;-6,9993803235165934
54,0;;;0,46702891250551737
54,5;;;0,991870854341931
55,0;;;3,613534738424839
55,5;;;4,898369374248679
56,0;;;-5,564070933436218
56,5;;;1,4968017641216367
57,0;;;-1,683744938476858
57,5;;;-7,144045030784264
58,0;;;-0,5257877319576032
58,5;;;-1,0685169295034616
59,0;;;-10,908240173503549
59,5;;;-13,670748996517124
60,0;;;-6,411683300007548
60,5;;;-10,993592309564372
61,0;;;-10,576552489614084
61,5;;;-9,752703562221646
62,0;;;-10,700393653162175
62,5;;;-5,832378223023534
63,0;;;7,411892380230816
63,5;;;7,331651992978978
64,0;;;3,5950862674264297
64,5;;;3,856553842304807
65,0;;;5,954528105387327
65,5;;;1,766631395274036
66,0;;;4,685219910543935
66,5;;;-1,5138920232491664
67,0;;;-9,328569101489716
67,5;;;-2,6530003324330362
68,0;;;2,527156357010071
68,5;;;-5,264701963243063
69,0;;;4,281726895097917
69,5;;;-8,953863844828161
70,0;;;-9,666507284158797
70,5;;;3,1882278582403085
71,0;;;-1,1852249728609863
71,5;;;-7,241474890919161
72,0;;;-11,66037069995349
72,5;;;-4,581771020290015
73,0;;;5,84929173543102
73,5;;;15,989875847878706
74,0;;;9,547275402490675
74,5;;;3,1722117726645145
75,0;;;-17,486611190683753
75,5;;;-19,130471897712198
76,0;;;-3,829640493839717
76,5;;;3,3234312693738897
77,0;;;-12,3320263552629
77,5;;;-15,29533996701752
78,0;;;2,352058305518357
78,5;;;20,43343936216978
79,0;;;22,170120847114347
79,5;;;21,471189304202447
80,0;;;0,8171548978330936
80,5;;;-14,27464674391145
81,0;;;1,248385923317187
81,5;;;7,165215327661089
82,0;;;0,3726859941375924
82,5;;;-4,129967460503824
83,0;;;7,0403761044795505
83,5;;;2,9246679655702117
84,0;;;7,350035529978209
84,5;;;15,049689241424792
85,0;;;1,4389311400011007
85,5;;;2,997909910560155
86,0;;;13,480851325144313
86,5;;;-3,5382239150045827
87,0;;;-7,577905161797321
87,5;;;12,070946589690463
88,0;;;8,900744981982198
88,5;;;3,36958684957202
89,0;;;8,252001262315057
89,5;;;7,355756936899889
90,0;;;6,97575234431681
90,5;;;7,760616821851064
91,0;;;1,9272925420017355
91,5;;;0,2739285944410774
92,0;;;-2,831301882598341
92,5;;;-11,134066197060845
93,0;;;-11,537782522117627
93,5;;;11,433442611138696
94,0;;;16,932038981949802
94,5;;;6,149001037215227
95,0;;;14,42080344770504
95,5;;;13,737564288218612
96,0;;;10,006222142251078
96,5;;;8,582623547604362
97,0;;;-3,3619136741839046
97,5;;;-5,605480788459159
98,0;;;-8,055790545069483
98,5;;;-4,469370265626564
99,0;;;-2,3118731688608216
99,5;;;2,46878438609383
100,0;;;-1,8584282218435053
100,5;;;-14,13154952279875
101,0;;;-4,135970248097978
101,5;;;-2,822391494769855
102,0;;;-12,293008235919828
102,5;;;-10,297456536112039
103,0;;;-6,762752580529503
103,5;;;-12,881656594068787
104,0;;;-6,680026664039238
104,5;;;2,6801856822135957
105,0;;;-8,33764018118211
105,5;;;-4,785584417720152
106,0;;;3,591680839849884
106,5;;;-8,464167688375236
107,0;;;-3,613071172781213
107,5;;;8,54716958339498
108,0;;;-0,1878711939597313
108,5;;;5,2901883474569775
109,0;;;14,3146291421882
109,5;;;3,581623284679245
110,0;;;4,8428580188071235
110,5;;;11,156217718833206
111,0;;;6,288620752251715
111,5;;;-7,207183966801336
112,0;;;-13,730910347870735
112,5;;;-8,670982479598008
113,0;;;2,8788967101896166
113,5;;;6,285713152013541
114,0;;;5,199489978696407
114,5;;;-0,37053414448556055
115,0;;;-1,4817136186139983
115,5;;;-0,05139651939432888
116,0;;;5,89656368771122
116,5;;;-2,6302084982984733
117,0;;;-5,8190306785006065
117,5;;;-2,7970672346203536
118,0;;;-6,250921144835495
118,5;;;2,9116631282718872
119,0;;;6,83168544213337
119,5;;;1,875679338260687
120,0;;;-10,662662335657771
120,5;;;1,737194648431208
121,0;;;-2,0565671091279025
121,5;;;-7,361905816964148
122,0;;;-4,631950572811014
122,5;;;-10,04962510131256
123,0;;;-4,210543340094832
123,5;;;0,9023970991194243
124,0;;;-0,6090217947535255
124,5;;;-1,7223086876032525
125,0;;;2,223889411089738
125,5;;;9,375911407965345
126,0;;;4,2474853841764535
126,5;;;6,610707823935462
127,0;;;9,583963552639384
127,5;;;5,164598775824221
128,0;;;4,387143989223228
128,5;;;14,20038859084463
129,0;;;10,451031588706874
129,5;;;3,400492055075886
130,0;;;11,641418999483323
130,5;;;2,3863398502737265
131,0;;;-0,8961532329252089
131,5;;;1,2517192020036525
132,0;;;-6,837975012530064
132,5;;;-14,03116516565124
133,0;;;-2,1784987320699063
133,5;;;11,462836068648334
134,0;;;0,655513247698579
134,5;;;4,624047753246993
135,0;;;15,783154850211377
135,5;;;4,626714376197228
136,0;;;6,436955261241396
136,5;;;19,50713420202301
137,0;;;8,525784652602214
137,5;;;5,4902500026397565
138,0;;;13,909534773346094
138,5;;;12,763940279012479
139,0;;;14,11015918986595
139,5;;;14,53438744415554
140,0;;;-4,943734783099666
140,5;;;0,1890382112725355
141,0;;;-3,082051018483753
141,5;;;-4,358683047082486
142,0;;;-8,116756356540424
142,5;;;-13,122900835274157
143,0;;;-16,47953050969199
143,5;;;-8,87155999934084
144,0;;;0,4149868879411418
144,5;;;0,1412034976550416
145,0;;;0,046659593096325835
145,5;;;5,0197815251894635
146,0;;;-3,6914609410237222
146,5;;;-0,8502881839890666
147,0;;;2,685447500710465
147,5;;;2,763844483840222
148,0;;;7,069921074653655
148,5;;;13,058311354866264
149,0;;;12,594549116677191
149,5;;;10,8111584407915
150,0;;;11,692911661785374
150,5;;;3,9402176943572087
151,0;;;-0,44031655022933514
151,5;;;-3,8579661477861205
152,0;;;-5,884751101779482
152,5;;;-5,892160792709962
153,0;;;-2,7477246092161653
153,5;;;1,9542329372721348
154,0;;;7,661242549152069
154,5;;;8,838706753945555
155,0;;;6,831310267908334
155,5;;;7,699436625108659
156,0;;;7,661383239486664
156,5;;;6,057513429996403
157,0;;;6,674534338870272
157,5;;;-6,344808494500073
158,0;;;-9,409419146857772
158,5;;;7,2186199355323915
159,0;;;18,106796409294645
159,5;;;17,978746560536806
160,0;;;10,39371939698709
160,5;;;-2,8133873133821847
161,0;;;-9,142745308125024
161,5;;;4,633113982677319
162,0;;;-1,580471018310007
162,5;;;-15,058933308841162
163,0;;;-6,836005347851993
163,5;;;-8,886238690874093
164,0;;;-11,071253374023895
164,5;;;3,4463008278767386
165,0;;;5,716292472866073
165,5;;;-8,511454070432515
166,0;;;0,5630493956204035
166,5;;;4,405574423000575
167,0;;;4,30254220161312
167,5;;;10,98448893248314
168,0;;;14,163293239403083
168,5;;;5,636380363061365
169,0;;;9,993044147616574
169,5;;;14,962977098802897
170,0;;;6,321589187225536
170,5;;;12,810930850623512
171,0;;;2,8007197811693256
171,5;;;-11,73619299843269
172,0;;;-14,84569365902409
172,5;;;-3,8135368617464724
173,0;;;-9,540730125411304
173,5;;;-10,284935096371207
174,0;;;-11,693975591199615
174,5;;;-9,705093953144234
175,0;;;-11,643112685628926
175,5;;;-7,783471777235308
176,0;;;0,7525029996065502
176,5;;;6,658730124665352
177,0;;;24,18340674391627
177,5;;;28,735107013516256
178,0;;;13,03138178192568
178,5;;;14,285473776013662
179,0;;;29,612451937374985
179,5;;;24,376126528121585
180,0;;;22,05179089672564
180,5;;;9,538004710144998
181,0;;;-7,226197363605346
181,5;;;-9,323691836571534
182,0;;;11,01281458642872
182,5;;;11,564522713246431
183,0;;;-7,027700617831412
183,5;;;-4,334697148830248
184,0;;;-6,257681143818681
184,5;;;-18,876016490980142
185,0;;;-15,264481887057217
185,5;;;-9,908270997366152
186,0;;;-0,8267928981832782
186,5;;;-9,432708808328778
187,0;;;-14,935172711554054
187,5;;;-18,001450003253247
188,0;;;-1,8402647389590214
188,5;;;19,144715901212336
189,0;;;15,950089342865212
189,5;;;-4,195810536897881
190,0;;;-10,064071370346497
190,5;;;5,583855971637533
191,0;;;11,716641431483026
191,5;;;3,5644807085772072
192,0;;;-0,7205716958891344
192,5;;;-0,6652334977835892
193,0;;;4,59869535503104
193,5;;;0,5097977433922125
194,0;;;3,7211448068384527
194,5;;;8,175418823747165
195,0;;;-1,2254061322952623
195,5;;;5,3668176827977305
196,0;;;4,693345318456537
196,5;;;1,3006794382948783
197,0;;;1,9963931407443596
197,5;;;18,814337479170206
198,0;;;16,483136159464976
198,5;;;13,694747529853089
199,0;;;21,98028268954687
199,5;;;10,105643311726183
200,0;;;7,059603783480668
200,5;;;10,822413667522653
201,0;;;3,00808290395085
201,5;;;-1,7271208507335274
202,0;;;7,2377177465360205
202,5;;;4,715233848497093
203,0;;;7,930945919747984
203,5;;;21,56369861008261
204,0;;;7,885080870810384
204,5;;;-1,3409691727808593
205,0;;;19,546855773035446
205,5;;;6,770532043546922
206,0;;;-5,119273030804806
206,5;;;11,848890345598562
207,0;;;11,937633479458128
207,5;;;9,232565994673024
208,0;;;20,579050250590427
208,5;;;16,155609061525496
209,0;;;0,16540223513212027
209,5;;;8,570993146646998
210,0;;;9,011903254843588
210,5;;;6,436825393239502
211,0;;;10,294731120845796
211,5;;;5,806287389953383
212,0;;;2,348165872936306
212,5;;;9,651213532371827
213,0;;;10,269046116250564
213,5;;;8,147161711250561
214,0;;;12,908100974754205
214,5;;;16,598605406392068
215,0;;;20,20490054037481
215,5;;;35,447274028166504
216,0;;;27,761905075313194
216,5;;;24,688477828682693
217,0;;;32,7282738713661
217,5;;;34,204483436100304
218,0;;;37,13900964101964
218,5;;;44,771085095291625
219,0;;;49,283586873325135
219,5;;;43,34607959730238
220,0;;;51,691570484017745
220,5;;;61,080471393128676
221,0;;;54,19593058105886
221,5;;;58,59691182087806
222,0;;;58,392488765335486
222,5;;;57,05494575842019
223,0;;;68,2092037285332
223,5;;;77,15396689734972
224,0;;;79,16396280479844
224,5;;;76,720077906782
225,0;;;73,49132853123317
225,5;;;74,66853145397536
226,0;;;79,57215236098926
226,5;;;84,81886288136965
227,0;;;89,18758635277695
227,5;;;92,18949601287255
228,0;;;100,88786350978617
228,5;;;103,57110956299766
229,0;;;109,74680557476029
229,5;;;110,2260035524709
230,0;;;94,79514129748091
230,5;;;101,844182607889
231,0;;;111,3426560352031
231,5;;;108,47795552536499
232,0;;;112,66495758925137
232,5;;;113,43809787226971
233,0;;;110,46751525991405
233,5;;;114,56240122936626
234,0;;;122,42417710255151
234,5;;;114,57971696280063
235,0;;;112,19521420813808
235,5;;;118,9108580777644
236,0;;;113,75465112414261
236,5;;;111,83820346657924
237,0;;;118,93055472454549
237,5;;;121,7504579890103
238,0;;;131,8342970000095
238,5;;;147,9358367775081
239,0;;;148,63816292566383
239,5;;;154,79575678110012
240,0;;;163,67083133772587
240,5;;;160,5664522175789
241,0;;;160,93421675108775
241,5;;;167,56523358099162
242,0;;;158,58140539605537
242,5;;;157,37328667423822
243,0;;;175,7164094715569
243,5;;;178,96496732466795
244,0;;;172,4537724841841
244,5;;;181,75764881319094
245,0;;;175,5146400521631
245,5;;;169,22361620529287
246,0;;;175,56554253655224
246,5;;;180,41504456169014
247,0;;;178,07053393637403
247,5;;;184,74563373765005
248,0;;;181,13134594970978
248,5;;;193,10873256079918
249,0;;;203,06389042026288
249,5;;;207,22457256932503
250,0;;;198,66314366433392
250,5;;;199,70000978246986
251,0;;;198,30602469944318
251,5;;;200,46130682530736
252,0;;;209,30814952154364
252,5;;;206,11579204576478
253,0;;;203,4193211011452
253,5;;;217,63783258660877
254,0;;;232,7717331052708
254,5;;;227,1553172462599
255,0;;;223,62100650212534
255,5;;;230,3440095584616
256,0;;;228,80580544467722
256,5;;;234,16459944058246
257,0;;;248,11416168731787
257,5;;;248,41874930985503
258,0;;;251,08628494241788
258,5;;;261,1864909289618
259,0;;;255,28087346201704
259,5;;;249,10813194726813
260,0;;;250,32871438971236
260,5;;;250,13676587713294
261,0;;;255,7121362330118
261,5;;;264,3767849465046
262,0;;;261,5429785910698
262,5;;;267,3068018458423
263,0;;;275,0602461617184
263,5;;;276,86783557508085
264,0;;;278,33575162498903
264,5;;;281,41410303331656
265,0;;;279,0716089694556
265,5;;;275,8706224865151
266,0;;;277,9774133438709
266,5;;;277,46150910337394
267,0;;;273,3909084500646
267,5;;;283,13868514952003
268,0;;;295,7968470355315
268,5;;;299,70824034223085
269,0;;;311,9243964876291
269,5;;;310,5425576701178
270,0;;;306,5252173269015
270,5;;;325,4960426761557
271,0;;;335,3668765212291
271,5;;;328,88630455532575
272,0;;;332,30618716100867
272,5;;;334,1297864129077
273,0;;;325,2901586056016
273,5;;;338,6683159027628
274,0;;;345,3496998722974
274,5;;;330,45678385884037
275,0;;;344,75097952919964
275,5;;;348,2134516242413
276,0;;;330,45125003903047
276,5;;;338,32982794555926
277,0;;;347,70084170202955
277,5;;;324,47800741812944
278,0;;;337,98502984649633
278,5;;;353,68250698427084
279,0;;;333,5069070142217
279,5;;;337,49261367691713
280,0;;;368,6395056412222
280,5;;;383,61615765561646
281,0;;;386,4937439570856
281,5;;;401,30027610536524
282,0;;;393,6199532458297
282,5;;;392,8172766505023
283,0;;;401,9045735576076
283,5;;;390,8465153090624
284,0;;;391,9670741388051
284,5;;;396,3953998076744
285,0;;;396,7136023831572
285,5;;;395,2105954840923
286,0;;;404,271712239076
286,5;;;412,96833517585037
287,0;;;401,87410508164936
287,5;;;397,76454042066246
288,0;;;412,31201476696947
288,5;;;412,04653210639634
289,0;;;415,8907079003643
289,5;;;428,0214974799221
290,0;;;424,1583789950625
290,5;;;436,15236706558767
291,0;;;443,2118184300283
291,5;;;447,460753100503
292,0;;;447,89609661267866
292,5;;;444,65886902114505
293,0;;;441,05514383059847
293,5;;;448,2411840287856
294,0;;;451,4262075699652
294,5;;;448,2104810689375
295,0;;;451,3002139645531
295,5;;;449,7438036944544
296,0;;;453,0128842991327
296,5;;;462,91335690793824
297,0;;;463,6069963298189
297,5;;;459,38990817908814
298,0;;;460,41769796694837
298,5;;;463,4069815714139
299,0;;;465,4736958852204
299,5;;;489,9667012646813
300,0;;;490,4211310440369
300,5;;;486,45750915636006
301,0;;;495,54807440815057
301,5;;;499,18838990791187
302,0;;;499,8925919271916
302,5;;;498,34204375434956
303,0;;;496,6890167421031
303,5;;;489,8689149890371
304,0;;;503,7568864389458
304,5;;;513,1511047211991
305,0;;;505,45772435567653
305,5;;;524,8106321855224
306,0;;;541,676870825993
306,5;;;516,723939364782
307,0;;;524,992111894265
307,5;;;541,1844546564109
308,0;;;533,1947443726893
308,5;;;539,0987204524022
309,0;;;542,3258645151645
309,5;;;543,4397207130876
310,0;;;545,8436495562023
310,5;;;552,2012581700424
311,0;;;551,6197381221571
311,5;;;553,504988599978
312,0;;;571,9351409950342
312,5;;;546,5695554043631
313,0;;;540,1996511768048
313,5;;;567,6321740213515
314,0;;;550,9898783184311
314,5;;;558,1179432766045
315,0;;;582,8003091879888
315,5;;;574,6817409879511
316,0;;;558,2152937729595
316,5;;;588,6833079781328
317,0;;;579,68858531091
317,5;;;563,4938522560616
318,0;;;584,0342283526248
318,5;;;602,6824507656333
319,0;;;596,370144439396
319,5;;;596,7213544102513
320,0;;;610,9487943207691
320,5;;;611,3162486140544
321,0;;;613,6305829664165
321,5;;;613,5948909108719
322,0;;;611,760541474463
322,5;;;615,6501602463653
323,0;;;624,7405848078232
323,5;;;623,6965218379784
324,0;;;622,1122765263805
324,5;;;621,3203558874746
325,0;;;618,9848963403214
325,5;;;622,9608051838471
326,0;;;626,0328255271377
326,5;;;632,6734309444283
327,0;;;625,7010344298376
327,5;;;639,6535329603975
328,0;;;644,4744207360354
328,5;;;653,6311104448818
329,0;;;661,4897442339395
329,5;;;651,6792665422216
330,0;;;650,4414729822305
330,5;;;653,5429913989152
331,0;;;653,4953226277458
331,5;;;654,4286154078227
332,0;;;659,9690657012715
332,5;;;660,2186070647527
333,0;;;654,6776589439633
333,5;;;665,1887744998257
334,0;;;671,278461820637
334,5;;;672,4574540358356
335,0;;;679,1379866484758
335,5;;;682,9031413714218
336,0;;;702,7924401188861
336,5;;;690,1357500702177
337,0;;;699,7670640325406
337,5;;;708,1546177217282
338,0;;;704,7800193664272
338,5;;;698,1828620102782
339,0;;;715,798907982961
339,5;;;706,3205785255419
340,0;;;696,7547613249395
340,5;;;712,1881627054842
341,0;;;707,6531973707607
341,5;;;707,6539477192058
342,0;;;725,8782232586015
342,5;;;728,7794743957662
343,0;;;714,2127435109054
343,5;;;728,9796009849491
344,0;;;730,6138599066194
344,5;;;730,0991208706862
345,0;;;735,5281732790303
345,5;;;741,3535972554996
346,0;;;731,8036888849947
346,5;;;744,3998243708597
347,0;;;757,9517739126055
347,5;;;766,8926446488447
348,0;;;785,1615659209419
348,5;;;794,7402977727338
349,0;;;783,3660571176059
349,5;;;789,8768710119544
350,0;;;806,6856863514159
350,5;;;803,0098230938877
351,0;;;804,9014515335258
351,5;;;802,901303949467
352,0;;;797,931515296054
352,5;;;819,2877416536525
353,0;;;833,0579163334629
353,5;;;827,6958180944039
354,0;;;812,5971695230612
354,5;;;808,6817539157765
355,0;;;805,0253528211438
355,5;;;807,753100309282
356,0;;;812,2626635661285
356,5;;;801,4400472420416
357,0;;;803,123219503218
357,5;;;828,5877948130151
358,0;;;836,9667014578131
358,5;;;843,3620619779894
359,0;;;845,0767019772475
359,5;;;837,988910529083
360,0;;;829,2923720065145
360,5;;;842,8881664282969
361,0;;;839,129627758501
361,5;;;834,50297922268
362,0;;;839,2697553313299
362,5;;;846,2078089746065
363,0;;;847,3579091670781
363,5;;;858,3131768930116
364,0;;;867,190221114316
364,5;;;856,7960192261467
365,0;;;863,483124602603
365,5;;;862,523710317148
366,0;;;859,862974717406
366,5;;;864,7896688392236
367,0;;;877,739463750735
367,5;;;894,4755169353186
368,0;;;908,5145364139497
368,5;;;912,421225613065
369,0;;;897,9007421662565
369,5;;;897,129452502248
370,0;;;900,1016873241689
370,5;;;894,0291534017929
371,0;;;892,7105566932116
371,5;;;883,7012635577898
372,0;;;876,503733648981
372,5;;;886,590141160439
373,0;;;904,8080495603529
373,5;;;912,7466892527697
374,0;;;918,7434076792762
374,5;;;912,6502694770872
375,0;;;902,3983993103137
375,5;;;908,8144882063897
376,0;;;916,170861109921
376,5;;;908,9999830008217
377,0;;;914,4004319819992
377,5;;;908,5287461377006
378,0;;;902,5117488228768
378,5;;;914,7379733457751
379,0;;;923,908872778373
379,5;;;918,9036590203101
380,0;;;926,3621370320013
380,5;;;945,6996482888658
381,0;;;933,2976546418146
381,5;;;932,3740442426861
382,0;;;940,9576336790296
382,5;;;927,4847953944198
383,0;;;926,5690456167763
383,5;;;929,4976556127742
384,0;;;919,3259320396992
384,5;;;916,788441172682
385,0;;;936,8948720025485
385,5;;;934,3242720102224
386,0;;;943,7437712632917
386,5;;;952,1449683074483
387,0;;;944,0971853827155
387,5;;;946,1567042877921
388,0;;;954,7273574282847
388,5;;;957,1442066944956
389,0;;;948,3843481421964
389,5;;;951,839984129977
390,0;;;962,2394853540676
390,5;;;956,764005135447
391,0;;;965,3364151013916
391,5;;;972,4650464283518
392,0;;;970,7221745687058
392,5;;;976,4381558949724
393,0;;;975,6649939672866
393,5;;;976,0855245909983
394,0;;;980,4936161038584
394,5;;;989,6948288923024
395,0;;;991,689724037217
395,5;;;999,3388518814791
396,0;;;1003,3186242980278
396,5;;;1000,6339244446956
397,0;;;1008,1001728917653
397,5;;;1019,0441457090785
398,0;;;1012,6641420799929
398,5;;;1005,4552415062259
399,0;;;1000,6790860419646
399,5;;;996,2779460745887
400,0;;;1005,8970524448366
400,5;;;1018,9860874978447
401,0;;;1015,0565126710378
401,5;;;1018,9311244739616
402,0;;;1031,6427775465138
402,5;;;1033,2866178406848
403,0;;;1038,3423172686948
403,5;;;1043,0431364087813
404,0;;;1038,702481844344
404,5;;;1035,9725334028003
405,0;;;1037,8151438870377
405,5;;;1034,419874874946
406,0;;;1037,9680432562527
406,5;;;1039,597690420918
407,0;;;1039,8619537652569
407,5;;;1053,4036329126109
408,0;;;1058,5683137532792
408,5;;;1067,010826858902
409,0;;;1069,7497862844423
409,5;;;1068,6550278975203
410,0;;;1067,0183772401704
410,5;;;1059,7541132161853
411,0;;;1061,0328476634181
411,5;;;1060,521809865505
412,0;;;1069,4462703368654
412,5;;;1076,3547285057457
413,0;;;1069,9801901550275
413,5;;;1066,9825012049537
414,0;;;1082,8838278146031
414,5;;;1091,6766562448536
415,0;;;1097,4556524110467
415,5;;;1100,3549988175387
416,0;;;1089,9945626095657
416,5;;;1091,2900767239882
417,0;;;1124,5435596932202
417,5;;;1144,5591947533233
418,0;;;1125,2862639672892
418,5;;;1126,8408055811492
419,0;;;1145,300308144374
419,5;;;1146,3902830599357
420,0;;;1143,707354461837
420,5;;;1148,037016524566
421,0;;;1132,253653348955
421,5;;;1123,6656051112464
422,0;;;1144,4819593673096
422,5;;;1135,5926750869328
423,0;;;1127,1902731563268
423,5;;;1139,0050722453461
424,0;;;1133,0561401927018
424,5;;;1120,889972405266
425,0;;;1137,3434256052935
425,5;;;1134,170858569852
426,0;;;1126,7201798530991
426,5;;;1134,9293201613373
427,0;;;1131,928947272585
427,5;;;1114,5648163618403
428,0;;;1134,7438903009065
428,5;;;1129,4521913405952
429,0;;;1105,160089593856
429,5;;;1113,9533386521343
430,0;;;1102,9329832486806
430,5;;;1086,1040059020995
431,0;;;1099,5120472692154
431,5;;;1102,349800168897
432,0;;;1088,4422792559353
432,5;;;1088,2209264635162
433,0;;;1088,179840310645
433,5;;;1074,142852263185
434,0;;;1079,4068522618434
434,5;;;1082,219928164898
435,0;;;1071,5127299650976
435,5;;;1073,9050861263645
436,0;;;1080,6279629221444
436,5;;;1083,724088209351
437,0;;;1090,492729045625
437,5;;;1100,972723178082
438,0;;;1089,5537328958467
438,5;;;1092,3919259037498
439,0;;;1097,0788429835648
439,5;;;1096,6120463692316
440,0;;;1109,880605380726
440,5;;;1105,580519209123
441,0;;;1100,4658628008597
441,5;;;1104,8902924297058
442,0;;;1107,398097636213
442,5;;;1098,5463776750569
443,0;;;1111,05492080185
443,5;;;1116,9952418845558
444,0;;;1104,7986777700505
444,5;;;1111,9285608802431
445,0;;;1120,5048560638802
445,5;;;1098,7616338863318
446,0;;;1104,6768182960013
446,5;;;1118,6259835478727
447,0;;;1098,2467072632896
447,5;;;1085,5568611925294
448,0;;;1098,8634071096008
448,5;;;1080,1122996765341
449,0;;;1087,849947081086
449,5;;;1100,9582423680781
450,0;;;1094,5197265176766
450,5;;;1095,582688889076
451,0;;;1098,4419854471078
451,5;;;1100,2820743276611
452,0;;;1093,8481646559228
452,5;;;1100,9215118964478
453,0;;;1091,4634634918116
453,5;;;1089,6402574513586
454,0;;;1098,8470066363602
454,5;;;1096,9674381927784
455,0;;;1092,553986738932
455,5;;;1105,9334643607647
456,0;;;1104,2279511960078
456,5;;;1096,2781176034134
457,0;;;1104,080103692023
457,5;;;1097,2166087109658
458,0;;;1098,9908653374657
458,5;;;1101,858040554208
459,0;;;1102,3134082691258
459,5;;;1102,7230985222159
460,0;;;1107,8218749599412
460,5;;;1103,5516707968964
461,0;;;1129,1899517726015
461,5;;;1131,040659423616
462,0;;;1105,1673585944568
462,5;;;1105,348473951306
463,0;;;1089,5856227049242
463,5;;;1080,0983576075662
464,0;;;1086,154156859025
464,5;;;1085,381550741746
465,0;;;1082,5933130968801
465,5;;;1102,506810581825
466,0;;;1114,4343026285121
466,5;;;1106,5191401846766
467,0;;;1112,5065167729954
467,5;;;1110,011597358121
468,0;;;1090,444021330446
468,5;;;1103,0935830688518
469,0;;;1101,3841017151817
469,5;;;1098,3491298265562
470,0;;;1107,434301948871
470,5;;;1105,2204457472144
471,0;;;1096,9367720288662
471,5;;;1098,698604616625
472,0;;;1096,2905380347077
472,5;;;1092,9916419015249
473,0;;;1099,0700270988257
473,5;;;1086,1380998597494
474,0;;;1073,7271207900212
474,5;;;1084,5682735036814
475,0;;;1112,41591219779
475,5;;;1118,100927220764
476,0;;;1124,082117041823
476,5;;;1129,6684864958777
477,0;;;1118,1950959510984
477,5;;;1123,5721398325825
478,0;;;1126,9724773041473
478,5;;;1115,1666896114025
479,0;;;1114,5956744418015
479,5;;;1111,660498896878
480,0;;;1106,2630080201623
480,5;;;1111,1605792428104
481,0;;;1118,0043198579708
481,5;;;1110,9010272209382
482,0;;;1117,5045408942356
482,5;;;1114,487436678049
483,0;;;1099,9901418842671
483,5;;;1104,65092045218
484,0;;;1100,130269457095
484,5;;;1092,8278870104202
485,0;;;1095,943325112321
485,5;;;1099,6204509754114
486,0;;;1085,8534905286176
486,5;;;1089,0751043790146
487,0;;;1095,6919511670585
487,5;;;1089,341993942927
488,0;;;1102,1861304134834
488,5;;;1113,9629431122803
489,0;;;1102,0699923463505
489,5;;;1109,3434228867247
490,0;;;1114,6948142306119
490,5;;;1105,8915747156304
491,0;;;1105,040334667711
491,5;;;1108,468888602036
492,0;;;1105,9937370149842
492,5;;;1111,5835016021997
493,0;;;1099,1260218518207
493,5;;;1109,3308545502075
494,0;;;1117,044061430512
494,5;;;1107,8222789937204
495,0;;;1120,612665057087
495,5;;;1123,043772592945
496,0;;;1118,3310244585714
496,5;;;1112,9632913912517
497,0;;;1111,5897785555678
497,5;;;1102,5358865842195
498,0;;;1110,638149135272
498,5;;;1116,9692574620683
499,0;;;1107,5774778122725
499,5;;;1118,517291246113
500,0;;;1137,3952934418203
500,5;;;1137,4756745194063
501,0;;;1146,01046966191
501,5;;;1147,2812713387634
502,0;;;1135,438031157569
502,5;;;1133,5460131139332
503,0;;;1134,37373403172
503,5;;;1133,0352061924664
504,0;;;1138,494722747837
504,5;;;1141,5790488056887
505,0;;;1126,876346124026
505,5;;;1130,363168469213
506,0;;;1139,9301580892645
506,5;;;1137,9860990517611
507,0;;;1141,3516463288988
507,5;;;1137,8253080370312
508,0;;;1130,6349352980405
508,5;;;1133,722994339424
509,0;;;1135,0888161035068
509,5;;;1134,9955384119537
510,0;;;1144,941360205135
510,5;;;1157,8958447944608
511,0;;;1154,0650814790133
511,5;;;1152,2622286402343
512,0;;;1148,6552098528914
512,5;;;1146,0427779345446
513,0;;;1148,5770798206506
513,5;;;1143,6321536745038
514,0;;;1131,6984820754433
514,5;;;1131,8008036302724
515,0;;;1134,1919621199759
515,5;;;1131,8081050978708
516,0;;;1137,6059537688445
516,5;;;1143,402395536477
517,0;;;1152,1437240895336
517,5;;;1156,0059046388324
518,0;;;1143,6528712280692
518,5;;;1136,2514810250518
519,0;;;1134,8559411334625
519,5;;;1130,6021544501784
520,0;;;1135,4267254266174
520,5;;;1137,8118161947298
521,0;;;1135,1483858339695
521,5;;;1130,6122372574623
522,0;;;1128,9405681059827
522,5;;;1127,189643399591
523,0;;;1124,3155006615366
523,5;;;1123,629072521141
524,0;;;1131,9854687124714
524,5;;;1122,0562014819438
525,0;;;1115,790322965981
525,5;;;1120,0039046806905
526,0;;;1125,0983016808364
526,5;;;1139,613042076054
527,0;;;1142,177718644563
527,5;;;1141,4724055323888
528,0;;;1135,6613103253374
528,5;;;1137,132859071823
529,0;;;1140,27581414169
529,5;;;1135,954477030087
530,0;;;1135,0491012320324
530,5;;;1129,3511828955598
531,0;;;1113,8930741278648
531,5;;;1118,475585580648
532,0;;;1127,424141616575
532,5;;;1137,289119136305
533,0;;;1115,0310208399364
533,5;;;1102,701807384982
534,0;;;1126,6801891667299
534,5;;;1114,6421960456337
535,0;;;1103,8180444962559
535,5;;;1119,7659504288408
536,0;;;1113,7502193270234
536,5;;;1098,0364221104796
537,0;;;1114,153502758743
537,5;;;1107,7953241686737
538,0;;;1093,1869200853414
538,5;;;1106,4394733810975
539,0;;;1098,7159095277261
539,5;;;1087,7050619049078
540,0;;;1100,2084932828923
540,5;;;1104,5531983890428
541,0;;;1097,8379549457538
541,5;;;1102,000419172383
542,0;;;1103,2632556118542
542,5;;;1090,4777870106477
543,0;;;1105,6533823724433
543,5;;;1115,636595327513
544,0;;;1099,1002755206666
544,5;;;1104,8479915359014
545,0;;;1099,1191749222287
545,5;;;1087,7433513204678
546,0;;;1092,8183114098313
546,5;;;1105,8420733626729
547,0;;;1097,2820477535765
547,5;;;1092,9591893311087
548,0;;;1093,0291124271891
548,5;;;1092,9718803207395
549,0;;;1096,1780254492674
549,5;;;1107,1635740640484
550,0;;;1098,5204365419045
550,5;;;1097,299204759458
551,0;;;1101,3644050683995
551,5;;;1093,6429443551524
552,0;;;1103,3464504961257
552,5;;;1107,2776667101666
553,0;;;1097,158889599514
553,5;;;1092,1145350689967
554,0;;;1095,123738981805
554,5;;;1092,2051360367575
555,0;;;1097,604877958819
555,5;;;1100,459203458376
556,0;;;1088,136310246126
556,5;;;1087,9348561173783
557,0;;;1095,6965542661947
557,5;;;1094,2117084794072
558,0;;;1098,819598304007
558,5;;;1107,7234205855839
559,0;;;1094,5707502121963
559,5;;;1100,0987548222447
560,0;;;1115,1493378035227
560,5;;;1103,772085653761
561,0;;;1105,411784601683
561,5;;;1121,4223446297508
562,0;;;1100,8871834549116
562,5;;;1100,941489923901
563,0;;;1123,4381557376814
563,5;;;1107,3542202891772
564,0;;;1100,0140592410764
564,5;;;1122,3742518232746
565,0;;;1109,899243500237
565,5;;;1099,7990411211324
566,0;;;1119,4206025552428
566,5;;;1102,2130491640871
567,0;;;1077,9577072764534
567,5;;;1092,250954188922
568,0;;;1094,2713611810918
568,5;;;1084,712250219754
569,0;;;1100,0739933234277
569,5;;;1100,730735803314
570,0;;;1082,6677851804359
570,5;;;1100,2996606194292
571,0;;;1112,643267777802
571,5;;;1100,2512631444765
572,0;;;1114,2709986679683
572,5;;;1113,4147919257011
573,0;;;1089,2761147920896
573,5;;;1096,2843584823386
574,0;;;1114,2821225837256
574,5;;;1107,8291259233179
575,0;;;1105,0321082865457
575,5;;;1106,9965638150597
576,0;;;1098,9951798410466
576,5;;;1096,450560663768
577,0;;;1100,7206060992557
577,5;;;1095,489176713634
578,0;;;1092,464897290406
578,5;;;1096,4874778074523
579,0;;;1091,5684184811014
579,5;;;1095,7860116740565
580,0;;;1107,947868565354
580,5;;;1106,4792562786627
581,0;;;1108,955680325761
581,5;;;1115,2668142325501
582,0;;;1111,7830870747143
582,5;;;1109,7161729084828
583,0;;;1114,7958515352063
583,5;;;1103,1365405175502
584,0;;;1095,0006529766324
584,5;;;1108,4466482669723
585,0;;;1111,1204356007936
585,5;;;1108,09801761891
586,0;;;1110,487891858384
586,5;;;1105,8930754125283
587,0;;;1103,3533912192797
587,5;;;1113,7338992482576
588,0;;;1114,8557639728942
588,5;;;1098,5606501683399
589,0;;;1096,5141526948123
589,5;;;1084,7613583612676
590,0;;;1087,068016071807
590,5;;;1103,1582717630133
591,0;;;1093,0389138538023
591,5;;;1090,2837209281663
592,0;;;1098,5963696404663
592,5;;;1102,3684290121191
593,0;;;1095,230306498767
593,5;;;1101,1103277042512
594,0;;;1097,1662523936684
594,5;;;1094,9102828853183
595,0;;;1098,1480833390347
595,5;;;1097,5378227810895
596,0;;;1092,0121557950595
596,5;;;1096,6009117342123
597,0;;;1098,1993884142266
597,5;;;1092,6633644551353
598,0;;;1107,1875996441881
598,5;;;1103,3805047718809
599,0;;;1083,7066426079143
599,5;;;1099,4973036436836
600,0;;;1108,3589657217874
600,5;;;1089,325533173829
601,0;;;1093,1255610624255
601,5;;;1107,2461989720928
602,0;;;1095,186973875846
602,5;;;1098,0184209626009
603,0;;;1109,1285100865653
603,5;;;1109,448359750801
604,0;;;1105,667278248527
604,5;;;1102,9459989083116
605,0;;;1104,6783189928988
605,5;;;1110,1252859704623
606,0;;;1100,0911575442003
606,5;;;1103,2488510861062
607,0;;;1100,2411334404196
607,5;;;1088,7586985170183
608,0;;;1086,9081918521938
608,5;;;1091,7867698797274
609,0;;;1105,4624331219813
609,5;;;1098,608909117426
610,0;;;1100,0272119835959
610,5;;;1111,5001119159292
611,0;;;1104,2753025120664
611,5;;;1090,1172914777364
612,0;;;1100,207883624779
612,5;;;1105,3207290959188
613,0;;;1105,9537237688867
613,5;;;1111,2509024373442
614,0;;;1106,5034946980286
614,5;;;1101,586226828601
615,0;;;1106,2509050439796
615,5;;;1104,9722679977458
616,0;;;1099,969579450812
616,5;;;1105,4866318594586
617,0;;;1096,4410658699342
617,5;;;1091,702355679227
618,0;;;1094,4845106448006
618,5;;;1101,602312423473
619,0;;;1103,1402922597968
619,5;;;1107,260174211952
620,0;;;1107,5249534208533
620,5;;;1098,8721226954308
621,0;;;1101,8655079642542
621,5;;;1106,6556747428208
622,0;;;1089,696111514024
622,5;;;1089,9254367587146
623,0;;;1085,9324574879743
623,5;;;1080,4187094984604
624,0;;;1087,4250881399191
624,5;;;1106,526802396725
625,0;;;1107,720621208676
625,5;;;1107,675961046189
626,0;;;1106,0208655252845
626,5;;;1099,2166949684693
627,0;;;1101,810934544374
627,5;;;1105,56204187857
628,0;;;1097,6696315869804
628,5;;;1095,6934590788442
629,0;;;1090,05762073883
629,5;;;1088,1079990219591
630,0;;;1102,1398901903212
630,5;;;1105,337781485913
631,0;;;1088,978893835109
631,5;;;1088,7576131915812
632,0;;;1093,7496597773445
632,5;;;1089,4131832520115
633,0;;;1104,038646940224
633,5;;;1104,9826574378094
634,0;;;1090,9585583494936
634,5;;;1092,7937374981318
635,0;;;1111,4933190979996
635,5;;;1109,576312286545
636,0;;;1112,4339205605665
636,5;;;1115,9877584015933
637,0;;;1104,1939690691433
637,5;;;1097,7732373920342
638,0;;;1106,888470349086
638,5;;;1091,2379368861461
639,0;;;1091,0927444612869
639,5;;;1094,8329320610853
640,0;;;1091,521146528821
640,5;;;1095,4961895856732
641,0;;;1111,2833910821996
641,5;;;1110,3131544633477
642,0;;;1116,8656516570109
642,5;;;1119,5839440332054
643,0;;;1114,9300109519104
643,5;;;1099,0822202611166
644,0;;;1109,2354665036391
644,5;;;1114,8186686214558
645,0;;;1105,0140530269941
645,5;;;1110,879797410258
646,0;;;1103,1100907347331
646,5;;;1095,3745609880702
647,0;;;1112,0592153039047
647,5;;;1114,4646809183637
648,0;;;1094,6529999460204
648,5;;;1100,8255610885449
649,0;;;1094,4905026100614
649,5;;;1083,7325296293982
650,0;;;1101,9659031437373
650,5;;;1094,9804404652905
651,0;;;1088,1147954473317
651,5;;;1099,5371190082565
652,0;;;1100,521951347414
652,5;;;1080,8984635379616
653,0;;;1111,0285648125769
653,5;;;1108,9219146455607
654,0;;;1082,0065406098572
654,5;;;1099,6682423996922
655,0;;;1098,5644509718277
655,5;;;1088,872228917147
656,0;;;1111,0029699940944
656,5;;;1118,0099005745622
657,0;;;1095,235775384577
657,5;;;1106,3737601727044
658,0;;;1117,8034140607842
658,5;;;1101,3100048058516
659,0;;;1119,576299858383
659,5;;;1113,8396983795542
660,0;;;1087,28177158618
660,5;;;1097,7971547488482
661,0;;;1100,7853380827505
661,5;;;1095,024898610887
662,0;;;1095,5820323341834
662,5;;;1101,8730006264086
663,0;;;1099,3037606406506
663,5;;;1098,3889920879044
664,0;;;1101,2586059371065
664,5;;;1101,3216352068116
665,0;;;1106,14610156736
665,5;;;1111,5284375698748
666,0;;;1100,2009897984049
666,5;;;1094,2446949516013
667,0;;;1103,3335069853845
667,5;;;1088,187629751097
668,0;;;1103,691657679391
668,5;;;1108,7978907048282
669,0;;;1095,6923335561685
669,5;;;1098,803090638131
670,0;;;1116,6332456547473
670,5;;;1102,4772872563142
671,0;;;1090,4664019159145
671,5;;;1103,9221553435373
672,0;;;1088,0576318823287
672,5;;;1089,5165906476282
673,0;;;1109,3071716772895
673,5;;;1096,6972377163397
674,0;;;1094,8836455153864
674,5;;;1113,9749017906834
675,0;;;1111,991683943506
675,5;;;1107,9716993434965
676,0;;;1122,7318902601671
676,5;;;1109,5939923718745
677,0;;;1094,2666715032876
677,5;;;1101,8572541313156
678,0;;;1096,1582999429274
678,5;;;1082,962953501514
679,0;;;1100,6565919972143
679,5;;;1098,2253223324901
680,0;;;1084,7923030198951
680,5;;;1096,1069948677336
681,0;;;1106,6113753247787
681,5;;;1077,498916096738
682,0;;;1088,3252624153322
682,5;;;1089,9075221894955
683,0;;;1077,0514270405354
683,5;;;1085,8902431728345
684,0;;;1099,2503921072237
684,5;;;1097,9395333670232
685,0;;;1097,1991919690854
685,5;;;1101,7253226723126
686,0;;;1098,4663905304064
686,5;;;1104,0855437182781
687,0;;;1103,7553038221033
687,5;;;1095,0225068752052
688,0;;;1094,8280764408341
688,5;;;1101,3282133378032
689,0;;;1094,3261479681162
689,5;;;1084,9242842792287
690,0;;;1083,6073152319946
690,5;;;1095,986094973909
691,0;;;1105,9722948929978
691,5;;;1097,772948796481
692,0;;;1101,9722811055547
692,5;;;1102,9052456081824
693,0;;;1092,8545157224885
693,5;;;1095,3666823293556
694,0;;;1094,4176523304682
694,5;;;1091,4755628605521
695,0;;;1099,217773594364
695,5;;;1102,3222248633977
696,0;;;1113,4933187768347
696,5;;;1108,4342458728975
697,0;;;1100,7189178152455
697,5;;;1107,6820244388473
698,0;;;1107,6277222987928
698,5;;;1108,8063609844332
699,0;;;1104,9951536254393
699,5;;;1089,722326812952
700,0;;;1083,6139745744774
700,5;;;1086,9508246308887
701,0;;;1086,3020978926063
701,5;;;1090,992572943361
702,0;;;1110,1396724589922
702,5;;;1094,0163870062543
703,0;;;1085,2475769412554
703,5;;;1094,884973054948
704,0;;;1096,9773124897729
704,5;;;1098,2529914315448
705,0;;;1108,6601837272365
705,5;;;1097,5394100566584
706,0;;;1086,650916127776
706,5;;;1105,7982140528586
707,0;;;1113,1931325005028
707,5;;;1107,5508404423376
708,0;;;1117,4114507897982
708,5;;;1112,621507672786
709,0;;;1101,3505091923173
709,5;;;1106,6380415542699
710,0;;;1109,0866161300928
710,5;;;1094,3004371834897
711,0;;;1097,1532511638127
711,5;;;1099,8630985125114
712,0;;;1072,5823985757572
712,5;;;1090,7062681133316
713,0;;;1109,6223649225938
713,5;;;1095,7720616863044
714,0;;;1112,1029231010486
714,5;;;1121,1192327159606
715,0;;;1096,1413738134888
715,5;;;1105,502107796215
716,0;;;1120,054440648726
716,5;;;1104,1174335273536
717,0;;;1107,203429110507
717,5;;;1114,33792974961
718,0;;;1102,0509738991304
718,5;;;1098,6460802252043
719,0;;;1110,0550851011558
719,5;;;1102,3237688496301
720,0;;;1096,4289881458628
720,5;;;1096,6227512030077
721,0;;;1096,2511555634783
721,5;;;1090,2335485905367
722,0;;;1101,51653821641
722,5;;;1102,5451721462741
723,0;;;1108,348038772498
723,5;;;1112,171345500232
724,0;;;1106,046860770104
724,5;;;1107,0589870340941
725,0;;;1114,009277128997
725,5;;;1111,4845421856132
726,0;;;1104,7893705633312
726,5;;;1107,372271941282
727,0;;;1101,5591204908844
727,5;;;1099,0832050934569
728,0;;;1103,3716340659423
728,5;;;1106,9203601581628
729,0;;;1104,0484014700585
729,5;;;1104,3363476873178
730,0;;;1104,808363758444
730,5;;;1105,3948729020265
731,0;;;1112,605562768247
731,5;;;1107,3936424422977
732,0;;;1095,662031022656
732,5;;;1091,3030981555307
733,0;;;1082,745781737231
733,5;;;1078,812870024291
734,0;;;1082,8501198535137
734,5;;;1084,58792686113
735,0;;;1088,7118419361962
735,5;;;1105,206030399132
736,0;;;1112,65302230764
736,5;;;1111,1684434717422
737,0;;;1118,8838407923317
737,5;;;1118,0439007386478
738,0;;;1106,9770114660532
738,5;;;1112,5805198887638
739,0;;;1113,9004939196411
739,5;;;1101,139646848402
740,0;;;1114,5234534035942
740,5;;;1114,6917190432555
741,0;;;1095,3762961688547
741,5;;;1091,2007946379251
742,0;;;1090,2036284461383
742,5;;;1080,3951673158767
743,0;;;1084,8746393323822
743,5;;;1089,2143878098402
744,0;;;1084,694851515097
744,5;;;1097,4230844024114
745,0;;;1116,9788244047927
745,5;;;1128,9578199361174
746,0;;;1108,489786087895
746,5;;;1109,3825203698443
747,0;;;1111,6110227960294
747,5;;;1100,768534606429
748,0;;;1106,846263248835
748,5;;;1105,891997314551
749,0;;;1102,3064400942008
749,5;;;1104,769769997752
750,0;;;1094,441574840769
750,5;;;1091,67335182572
751,0;;;1103,4231736250267
751,5;;;1099,680623149104
752,0;;;1087,1867009947273
752,5;;;1107,720419191788
753,0;;;1100,681400392802
753,5;;;1080,900526996198
754,0;;;1095,1187859605554
754,5;;;1088,8284273264444
755,0;;;1080,8810612258635
755,5;;;1108,4899765609603
756,0;;;1109,9799781073773
756,5;;;1090,603188995166
757,0;;;1105,4770216274012
757,5;;;1104,5071673976622
758,0;;;1098,3395195945022
758,5;;;1111,348072561474
759,0;;;1108,8065016747673
759,5;;;1101,283461229475
760,0;;;1103,2375561774822
760,5;;;1106,6748086282664
761,0;;;1098,0905878891385
761,5;;;1097,289060625617
762,0;;;1106,2648369945077
762,5;;;1102,7034956689886
763,0;;;1095,929400376682
763,5;;;1110,5400987946955
764,0;;;1106,7615676676662
764,5;;;1101,4509512685754
765,0;;;1116,117052818692
765,5;;;1110,256034187677
766,0;;;1108,6602775207907
766,5;;;1119,0980753753306
767,0;;;1113,1732951633828
767,5;;;1101,2926529979736
768,0;;;1101,9070476872764
768,5;;;1091,3783783066417
769,0;;;1086,3403656635
769,5;;;1098,5626328198205
770,0;;;1089,3356159811142
770,5;;;1086,334738050134
771,0;;;1091,2130815937767
771,5;;;1095,9885336063671
772,0;;;1096,7132836293215
772,5;;;1103,991937749281
773,0;;;1103,1487336798464
773,5;;;1098,3013326303644
774,0;;;1097,1610765907253
774,5;;;1097,039230490612
775,0;;;1097,5484851551205
775,5;;;1097,9281843467331
776,0;;;1091,2566487005902
776,5;;;1093,9003138731227
777,0;;;1104,1732406932422
777,5;;;1093,351433982763
778,0;;;1097,9411278574744
778,5;;;1104,603460912787
779,0;;;1104,3155255178608
779,5;;;1112,0641676036666
780,0;;;1106,6137562381255
780,5;;;1111,2684418323354
781,0;;;1099,2376866878135
781,5;;;1101,0481331971926
782,0;;;1110,6112953186703
782,5;;;1104,1598282147152
783,0;;;1080,7454501735044
783,5;;;1102,3028492791734
784,0;;;1099,0789843834307
784,5;;;1101,744344005491
785,0;;;1112,554914247949
785,5;;;1100,2088684571186
786,0;;;1089,5103699703905
786,5;;;1088,8255197262047
787,0;;;1096,4940808738045
787,5;;;1097,1838242556646
788,0;;;1118,4852463169286
788,5;;;1102,405232160559
789,0;;;1096,5136837270297
789,5;;;1120,8480466856877
790,0;;;1125,0496228252164
790,5;;;1110,2074346958364
791,0;;;1108,9016552374442
791,5;;;1098,1216732380994
792,0;;;1082,6025048653828
792,5;;;1096,165962154977
793,0;;;1100,8149624167029
793,5;;;1100,295721290075
794,0;;;1104,7966972830413
794,5;;;1104,1889042171113
795,0;;;1100,4570173470302
795,5;;;1102,5276327512815
796,0;;;1103,0135771654914
796,5;;;1099,3559964365152
797,0;;;1100,3705252585178
797,5;;;1096,6935617304277
798,0;;;1082,3165355276892
798,5;;;1092,3974957980074
799,0;;;1100,3494289232822
799,5;;;1108,9439561312497
800,0;;;1116,2578838431925
800,5;;;1115,626465623457
801,0;;;1106,164759270137
801,5;;;1104,8433018580959
802,0;;;1106,9802942405186
802,5;;;1098,3079544554255
803,0;;;1091,136592948768
803,5;;;1094,3377670188204
804,0;;;1098,2540493356069
804,5;;;1103,7801279058813
805,0;;;1106,060386673395
805,5;;;1101,0714475954273
806,0;;;1106,1420179402235
806,5;;;1107,9070683684456
807,0;;;1102,4492213383728
807,5;;;1106,1390021166494
808,0;;;1107,1619723587028
808,5;;;1092,7360833206753
809,0;;;1095,5520183962258
809,5;;;1104,837674244728
810,0;;;1096,403429401821
810,5;;;1110,0416365481851
811,0;;;1116,8082644304493
811,5;;;1110,3997980645272
812,0;;;1103,9817358963305
812,5;;;1108,2745515212866
813,0;;;1097,480460806637
813,5;;;1103,8063130868495
814,0;;;1114,391767250818
814,5;;;1100,2369127303946
815,0;;;1092,2438727754325
815,5;;;1091,7598944184565
816,0;;;1084,6867852692728
816,5;;;1087,9930983082809
817,0;;;1103,3543291548426
817,5;;;1096,9878101531706
818,0;;;1092,463209006397
818,5;;;1103,9430244097696
819,0;;;1105,1230880359758
819,5;;;1094,6195548884443
820,0;;;1100,5568070917466
820,5;;;1106,6866174657448
821,0;;;1115,8123644516693
821,5;;;1112,0555717849934
822,0;;;1101,429966764121
822,5;;;1101,707617334875
823,0;;;1104,6707217148523
823,5;;;1088,7848133228497
824,0;;;1108,6876987368726
824,5;;;1106,096665148399
825,0;;;1088,7213284844452
825,5;;;1084,120553571031
826,0;;;1090,7330642108222
826,5;;;1093,6044889971527
827,0;;;1085,8862172648132
827,5;;;1091,0943858485193
828,0;;;1089,3823720688342
828,5;;;1089,5162154734046
829,0;;;1102,2923985125574
829,5;;;1103,0951507611485
830,0;;;1096,323624484652
830,5;;;1100,0822286037965
831,0;;;1095,759475312566
831,5;;;1082,5122466048474
832,0;;;1093,1498716306828
832,5;;;1092,4331950684411
833,0;;;1097,2486283880478
833,5;;;1116,52228787787
834,0;;;1092,0452288459276
834,5;;;1087,0226871921886
835,0;;;1100,433879198227
835,5;;;1103,5430959014022
836,0;;;1104,9598872483436
836,5;;;1103,4352729937623
837,0;;;1098,717550914961
837,5;;;1093,8050196201116
838,0;;;1103,3794189311004
838,5;;;1109,4191431460588
839,0;;;1112,4475206262011
839,5;;;1114,220630085359
840,0;;;1112,8743751000595
840,5;;;1112,0231047848015
841,0;;;1106,7133577798277
841,5;;;1101,8814312241248
842,0;;;1097,5466321604752
842,5;;;1094,80514030892
843,0;;;1095,0691042353706
843,5;;;1089,0245965490499
844,0;;;1091,838111029363
844,5;;;1094,6241812746653
845,0;;;1097,08835684532
845,5;;;1101,6836783333983
846,0;;;1100,0877809761773
846,5;;;1098,6405536202808
847,0;;;1099,8320059486648
847,5;;;1102,5151113115412
848,0;;;1099,8815289462914
848,5;;;1099,1258811614864
849,0;;;1100,7346751326727
849,5;;;1101,071881725601
850,0;;;1101,5721722249618
850,5;;;1106,6380415542708
851,0;;;1106,7509689958283
851,5;;;1113,4082480214436
852,0;;;1116,5654329136787
852,5;;;1103,759704904349
853,0;;;1112,8289790189006
853,5;;;1114,0293489500045
854,0;;;1095,1320397115214
854,5;;;1103,8191700189209
855,0;;;1108,460825523725
855,5;;;1082,8187855908855
856,0;;;1097,2660307001465
856,5;;;1107,6168242090598
857,0;;;1082,9022402111523
857,5;;;1093,8082086010206
858,0;;;1101,864746793473
858,5;;;1094,6562899353735
859,0;;;1105,790674493923
859,5;;;1114,0512966421375
860,0;;;1097,8559633085233
860,5;;;1102,2852702022947
861,0;;;1118,03452138304
861,5;;;1102,5936634147884
862,0;;;1086,0027088615009
862,5;;;1094,001542372278
863,0;;;1085,2260982169075
863,5;;;1086,1267977362372
864,0;;;1100,7982815934954
864,5;;;1088,5373859218341
865,0;;;1083,0879947415885
865,5;;;1088,9397602775482
866,0;;;1084,2569943356166
866,5;;;1089,085327876628
867,0;;;1101,2610878588996
867,5;;;1095,051723567934
868,0;;;1086,7226681982042
868,5;;;1099,0449986491194
869,0;;;1096,7683332318727
869,5;;;1101,523839684011
870,0;;;1105,2884026100885
870,5;;;1101,014186792826
871,0;;;1088,4383399265803
871,5;;;1094,5792854258057
872,0;;;1100,3287510516043
872,5;;;1094,639078817826
873,0;;;1090,888126603742
873,5;;;1095,0001371120743
874,0;;;1093,597707001554
874,5;;;1093,0235425329333
875,0;;;1100,1837317840798
875,5;;;1102,5708840747243
876,0;;;1106,7254113956105
876,5;;;1110,597817906148
877,0;;;1097,5884496567237
877,5;;;1100,8120764611292
878,0;;;1102,0590401449563
878,5;;;1093,998984694148
879,0;;;1106,4690255661606
879,5;;;1109,8489412946033
880,0;;;1102,4762338825337
880,5;;;1099,4196281494476
881,0;;;1094,3276373147617
881,5;;;1087,1580578856708
882,0;;;1099,031456302595
882,5;;;1102,6292003502158
883,0;;;1094,014915168912
883,5;;;1093,9646562526134
884,0;;;1097,3867646515293
884,5;;;1095,308405266491
885,0;;;1100,0025226336757
885,5;;;1093,871425457839
886,0;;;1086,9520872364526
886,5;;;1078,7364282760611
887,0;;;1080,3310125234984
887,5;;;1087,2317796207735
888,0;;;1080,3413298146702
888,5;;;1084,0584153401076
889,0;;;1095,2271175178635
889,5;;;1086,608240059753
890,0;;;1095,7352621453153
890,5;;;1108,0654063209392
891,0;;;1091,9240836458744
891,5;;;1091,2818647374052
892,0;;;1108,249790022468
892,5;;;1092,3135144908388
893,0;;;1094,795854746868
893,5;;;1128,4402598786146
894,0;;;1113,1126107325813
894,5;;;1103,0548463301745
895,0;;;1119,34462977479
895,5;;;1093,3633674090547
896,0;;;1084,955222426862
896,5;;;1092,5853282164535
897,0;;;1080,085273406498
897,5;;;1077,59561725309
898,0;;;1094,7370461871835
898,5;;;1093,8678144059268
899,0;;;1096,6053200313495
899,5;;;1112,2576319644086
900,0;;;1118,4093204332553
900,5;;;1103,9708558438244
901,0;;;1104,081979563145
901,5;;;1094,9049150079545
902,0;;;1084,7674477275257
902,5;;;1097,3080213537298
903,0;;;1109,4749214523918
903,5;;;1097,1707075875847
904,0;;;1102,369309228568
904,5;;;1104,1211651709827
905,0;;;1094,7018200073248
905,5;;;1099,3893003638248
906,0;;;1090,9257316355531
906,5;;;1083,5002967844725
907,0;;;1085,8670833793653
907,5;;;1084,0937358288727
908,0;;;1084,971054779134
908,5;;;1100,0570960535506
909,0;;;1111,4943905090042
909,5;;;1109,5884693743956
910,0;;;1112,7525671609278
910,5;;;1113,3347889082963
911,0;;;1108,8003246991448
911,5;;;1109,0853030203061
912,0;;;1112,2784757785337
912,5;;;1101,6603237379272
913,0;;;1087,2116327649223
913,5;;;1094,4009009044184
914,0;;;1094,418097592186
914,5;;;1103,9390381836324
915,0;;;1112,152070924455
915,5;;;1096,6486995510495
916,0;;;1091,2082945149712
916,5;;;1092,2405286744133
917,0;;;1089,3580326410222
917,5;;;1092,553250820261
918,0;;;1092,684460790368
918,5;;;1082,156552580521
919,0;;;1077,6260063652692
919,5;;;1086,525138969038
920,0;;;1090,1885276836015
920,5;;;1101,6265580577274
921,0;;;1114,706350838012
921,5;;;1103,428050889938
922,0;;;1093,4199032787246
922,5;;;1100,821340378519
923,0;;;1097,2663770148172
923,5;;;1101,952512309876
924,0;;;1112,0976345874649
924,5;;;1096,8066760376068
925,0;;;1087,464085670429
925,5;;;1094,6413973487806
926,0;;;1096,6889838834022
926,5;;;1100,0645201742632
927,0;;;1102,727881993578
927,5;;;1095,8691344094377
928,0;;;1086,610115930874
928,5;;;1090,9266829701942
929,0;;;1090,5805847481447
929,5;;;1086,3731430798891
930,0;;;1093,0508416489615
930,5;;;1092,313365969716
931,0;;;1085,2007739567562
931,5;;;1098,9977122670612
932,0;;;1104,5860730304626
932,5;;;1106,927300881316
933,0;;;1110,0832664573222
933,5;;;1112,4264733522118
934,0;;;1101,3651554168462
934,5;;;1099,2338772264584
935,0;;;1090,050568081826
935,5;;;1083,8391409510484
936,0;;;1095,2116189057401
936,5;;;1093,8363466678552
937,0;;;1084,8756710615012
937,5;;;1083,7183559800958
938,0;;;1093,5306547097798
938,5;;;1091,7441587456965
939,0;;;1100,0070247243682
939,5;;;1096,9806818429092
940,0;;;1087,2217906070493
940,5;;;1084,0247434534635
941,0;;;1093,2677845604915
941,5;;;1095,9658355657887
942,0;;;1101,8643102926885
942,5;;;1103,4888291143038
943,0;;;1094,717046515068
943,5;;;1095,323209016096
944,0;;;1101,5038400118901
944,5;;;1096,3727120121957
945,0;;;1092,9387423358762
945,5;;;1092,684302062817
946,0;;;1085,3434339556006
946,5;;;1082,0992555400708
947,0;;;1089,4494344614532
947,5;;;1095,7578952518911
948,0;;;1105,1172728354948
948,5;;;1113,9591913700347
949,0;;;1107,6305649650324
949,5;;;1102,9148125509066
950,0;;;1111,128642536953
950,5;;;1109,5233189273408
951,0;;;1104,5063124333233
951,5;;;1108,8578464318502
952,0;;;1102,185849032816
952,5;;;1095,6989568242104
953,0;;;1109,339815442259
953,5;;;1106,8530163848754
954,0;;;1106,7151398573913
954,5;;;1115,6594809552066
955,0;;;1116,3713740460869
955,5;;;1105,242112058679
956,0;;;1106,0899120123595
956,5;;;1102,0723119331421
957,0;;;1090,2458427612753
957,5;;;1092,002026091002
958,0;;;1088,995286062765
958,5;;;1089,1817007555355
959,0;;;1091,8813137842885
959,5;;;1092,8312549205737
960,0;;;1090,894966318451
960,5;;;1105,6661125286137
961,0;;;1109,534667947635
961,5;;;1093,8616709280027
962,0;;;1100,6292511756055
962,5;;;1106,2645556138382
963,0;;;1111,2189188347097
963,5;;;1116,613332561295
964,0;;;1115,677979930429
964,5;;;1109,8159360636967
965,0;;;1115,58131484852
965,5;;;1115,8275590077574
966,0;;;1110,9965415280606
966,5;;;1109,5272582566995
967,0;;;1099,5500625189957
967,5;;;1089,7360675689256
968,0;;;1097,5615453358967
968,5;;;1104,0989561968013
969,0;;;1098,6419821682907
969,5;;;1102,039718672396
970,0;;;1106,5722453746585
970,5;;;1099,2472500230942
971,0;;;1113,175652370666
971,5;;;1124,4866739014387
972,0;;;1111,0820740363433
972,5;;;1090,2731482299296
973,0;;;1096,1877511195448
973,5;;;1088,0969313823375
974,0;;;1088,1989787713853
974,5;;;1100,0344593395316
975,0;;;1087,9586796806307
975,5;;;1085,3411829102552
976,0;;;1097,0147570418285
976,5;;;1092,4577689801413
977,0;;;1086,921698124274
977,5;;;1086,451860949604
978,0;;;1094,931855403226
978,5;;;1088,4732599890099
979,0;;;1089,372523745442
979,5;;;1094,4796694543265
980,0;;;1095,1622773110355
980,5;;;1104,3930218716844
981,0;;;1108,112256642147
981,5;;;1109,4031762449072
982,0;;;1112,3827092789284
982,5;;;1103,0661953504682
983,0;;;1098,9058414788492
983,5;;;1109,621802161258
984,0;;;1107,7225836584669
984,5;;;1105,6094905956302
985,0;;;1108,2851141186823
985,5;;;1101,5103767012624
986,0;;;1100,2052333849063
986,5;;;1103,0016699591597
987,0;;;1102,7750890118577
987,5;;;1102,4505344481593
988,0;;;1103,7155678213123
988,5;;;1096,432224023548
989,0;;;1095,3894272667078
989,5;;;1100,3446815263653
990,0;;;1095,3220365966497
990,5;;;1084,786177579192
991,0;;;1098,7036694686556
991,5;;;1109,3795204190164
992,0;;;1107,9920453302834
992,5;;;1107,0040240102146
993,0;;;1115,7577729945679
993,5;;;1116,7354806309074
994,0;;;1108,8825682487743
994,5;;;1111,47066073931
995,0;;;1104,9397216337766
995,5;;;1091,2792168731726
996,0;;;1106,668993427787
996,5;;;1105,1961532161822
997,0;;;1102,3779382357288
997,5;;;1107,869550946001
998,0;;;1111,6618120066628
998,5;;;1107,938020241963
999,0;;;1107,0920023658487
999,5;;;1106,409372864474
1000,0;;;1091,45300911775
1000,5;;;1096,2642866613319
1001,0;;;1095,6779213755979
1001,5;;;1092,3432584863697
1002,0;;;1091,2456151997133
1002,5;;;1090,80359696502
1003,0;;;1094,1901828582816
1003,5;;;1106,4196901556456
1004,0;;;1107,8142127478964
1004,5;;;1115,1704413536427
1005,0;;;1122,9253863664176
1005,5;;;1101,8023560414338
1006,0;;;1093,5887316797225
1006,5;;;1091,4258829390926
1007,0;;;1072,3288464555276
1007,5;;;1055,266199779628
1008,0;;;1052,211689971778
1008,5;;;1040,5444497911885
1009,0;;;1033,0953583499977
1009,5;;;1038,2818606222422
1010,0;;;1036,950930061035
1010,5;;;1025,5176831582696
1011,0;;;1025,3718341785188
1011,5;;;1030,5898979823944
1012,0;;;1026,7187565410445
1012,5;;;1028,0064951696638
1013,0;;;1026,4337503910251
1013,5;;;1019,2113796196227
1014,0;;;1021,4490052728627
1014,5;;;1028,2982436333896
1015,0;;;1028,6471989514553
1015,5;;;1025,4735208231227
1016,0;;;1019,678659116166
1016,5;;;1019,173205642286
1017,0;;;1026,2858523828133
1017,5;;;1011,853556523417
1018,0;;;1018,8169416417325
1018,5;;;1024,737789739212
1019,0;;;1030,525836983572
1019,5;;;1021,9644080785783
1020,0;;;1017,2345866310364
1020,5;;;1011,5197921540002
1021,0;;;1016,9011799265381
1021,5;;;1023,7558947397104
1022,0;;;1028,1225406750498
1022,5;;;1030,9456713705
1023,0;;;1032,5552950539122
1023,5;;;1185,3048471010475
1024,0;;;1746,3716228009012
1024,5;;;2307,2009997955543
1025,0;;;2712,294214254727
1025,5;;;2824,1571278094925
1026,0;;;2822,3622943197615
1026,5;;;2823,860364997959
1027,0;;;2805,3717214983594
1027,5;;;2480,758284306512
1028,0;;;2038,349115961473
1028,5;;;1502,9791736684292
1029,0;;;1232,9965327592827
1029,5;;;1238,5234984253202
1030,0;;;1236,4384748878717
1030,5;;;1062,5047968361837
1031,0;;;941,7502685919413
1031,5;;;1084,0610214610604
1032,0;;;1057,5736944172834
1032,5;;;1078,1249592242161
1033,0;;;973,0939538667346
1033,5;;;989,6078822657915
1034,0;;;1094,332702166758
1034,5;;;1166,223774641513
1035,0;;;1163,388489233862
1035,5;;;1085,0704586328811
1036,0;;;1024,2027443983766
1036,5;;;1008,8870647530778
1037,0;;;1075,6526837382598
1037,5;;;1143,8364533554181
1038,0;;;1159,3995322636938
1038,5;;;1071,057831217957
1039,0;;;1008,8063914724869
1039,5;;;987,0900411487786
1040,0;;;1085,51648306662
1040,5;;;1144,1826641297591
1041,0;;;1179,5730363085017
1041,5;;;1108,0101040213062
1042,0;;;1094,9818542315775
1042,5;;;1143,5902171325938
1043,0;;;1230,5045822712048
1043,5;;;1289,9386006739865
1044,0;;;1413,37094937501
1044,5;;;1692,6588670231777
1045,0;;;1949,0486896523707
1045,5;;;2331,088670943166
1046,0;;;2497,0445973894853
1046,5;;;2506,547630626601
1047,0;;;2505,3003061983313
1047,5;;;2503,235065886334
1048,0;;;2503,38129004031
1048,5;;;2502,453906254267
1049,0;;;2376,774621085829
1049,5;;;2138,1463687390647
1050,0;;;1748,3987648920015
1050,5;;;1324,283362289343
1051,0;;;1181,3161029701505
1051,5;;;1166,7036224745839
1052,0;;;1094,5953241239017
1052,5;;;1111,2890764146796
1053,0;;;1108,8408625832997
1053,5;;;1137,3574946387027
1054,0;;;1112,487945648883
1054,5;;;1066,5125954888376
1055,0;;;1021,3285094128174
1055,5;;;1019,3250574096204
1056,0;;;1083,6346091568325
1056,5;;;1140,6314525083067
1057,0;;;1078,597895193694
1057,5;;;1029,4471641915225
1058,0;;;988,1660877212685
1058,5;;;1020,8208770424748
1059,0;;;1085,8640819855582
1059,5;;;1101,4910263691438
1060,0;;;1063,5721602898855
1060,5;;;1041,480708612102
1061,0;;;1036,5382384141476
1061,5;;;1040,0419904962107
1062,0;;;1055,7885288787202
1062,5;;;1058,7413679147269
1063,0;;;1062,9978695607126
1063,5;;;1057,7402717729365
1064,0;;;1056,8612385650683
1064,5;;;1056,3835479837976
1065,0;;;1068,0925479415264
1065,5;;;1085,6084945451719
1066,0;;;1082,795344416746
1066,5;;;1055,2292306887543
1067,0;;;1047,9243763867644
1067,5;;;1042,0144689812187
1068,0;;;1038,0840500124054
1068,5;;;1039,4930168122992
1069,0;;;1061,115151508909
1069,5;;;1085,666177582176
1070,0;;;1071,2284777709726
1070,5;;;1047,8342215270657
1071,0;;;1040,036192189132
1071,5;;;1059,9806026927763
1072,0;;;1077,9543776052112
1072,5;;;1080,1755028074654
1073,0;;;1080,0689533277236
1073,5;;;1075,6684410556852
1074,0;;;1078,4549538141716
1074,5;;;1099,4676829171758
1075,0;;;1110,6926431913698
1075,5;;;1076,1607634317122
1076,0;;;1050,5695668211758
1076,5;;;1051,74118902733
1077,0;;;1064,2054038765255
1077,5;;;1085,618905629896
1078,0;;;1082,3968516712775
1078,5;;;1065,681584581707
1079,0;;;1050,9483989943033
1079,5;;;1055,3091427985523
1080,0;;;1067,596848997482
1080,5;;;1080,728520436626
1081,0;;;1063,3774520822935
1081,5;;;1042,9545617941162
1082,0;;;1032,5597033510512
1082,5;;;1042,790008214805
1083,0;;;1053,0000392406648
1083,5;;;1053,9540134998651
1084,0;;;1050,2915627208617
1084,5;;;1044,2047361035138
1085,0;;;1039,2859711446265
1085,5;;;1040,2777874962746
1086,0;;;1057,070124029415
1086,5;;;1072,8675634533345
1087,0;;;1069,3918700743297
1087,5;;;1055,9968804412874
1088,0;;;1044,336328462734
1088,5;;;1056,1713905673219
1089,0;;;1070,1018872940817
1089,5;;;1069,083029538721
1090,0;;;1058,450476579805
1090,5;;;1044,9592114688644
1091,0;;;1049,1013224938167
1091,5;;;1070,2083666863268
1092,0;;;1071,2276993875207
1092,5;;;1069,9043580649125
1093,0;;;1068,025297961793
1093,5;;;1065,489495378791
1094,0;;;1061,5040195925403
1094,5;;;1060,711088869182
1095,0;;;1057,0526243163117
1095,5;;;1049,1727931835749
1096,0;;;1047,878366088957
1096,5;;;1049,5074337220672
1097,0;;;1049,6574130497595
1097,5;;;1048,6293893939155
1098,0;;;1054,7962796337374
1098,5;;;1061,493608507813
1099,0;;;1061,1971270769468
1099,5;;;1051,8549137141124
1100,0;;;1052,8373543175921
1100,5;;;1057,1124177083302
1101,0;;;1058,4077067182207
1101,5;;;1061,8887232422835
1102,0;;;1062,815347300522
1102,5;;;1062,6030924830434
1103,0;;;1055,743637839788
1103,5;;;1051,1297921243765
1104,0;;;1048,7556571651066
1104,5;;;1046,3761723656935
1105,0;;;1046,8581558058786
1105,5;;;1044,9241326788783
1106,0;;;1040,903109134863
1106,5;;;1040,9249918929925
1107,0;;;1049,397194266569
1107,5;;;1053,030381456067
1108,0;;;1058,5058147779055
1108,5;;;1041,6345112854137
1109,0;;;1034,3416510491488
1109,5;;;1041,286861862247
1110,0;;;1044,3031760480935
1110,5;;;1041,7471573463026
1111,0;;;1038,884578013809
1111,5;;;1039,2291755389583
1112,0;;;1046,2725624378425
1112,5;;;1051,3599001845173
1113,0;;;1050,935924451341
1113,5;;;1049,9976606127889
1114,0;;;1052,8228163163928
1114,5;;;1053,001857392676
1115,0;;;1049,9835071651723
1115,5;;;1047,7072219725687
1116,0;;;1050,7245137758673
1116,5;;;1056,6327819930068
1117,0;;;1060,4288784886228
1117,5;;;1054,4635938902163
1118,0;;;1043,899625665481
1118,5;;;1051,634874031475
1119,0;;;1066,0107999636525
1119,5;;;1059,1069160343561
1120,0;;;1047,0588884457334
1120,5;;;1036,5258576647418
1121,0;;;1035,3232835850688
1121,5;;;1044,3824279955638
1122,0;;;1053,3886259436317
1122,5;;;1045,0345060497536
1123,0;;;1041,2797371594263
1123,5;;;1037,5064692938774
1124,0;;;1037,5064692938774
1124,5;;;1037,5064692938774
1125,0;;;1037,5064692938774
1125,5;;;1037,5064692938774
1126,0;;;1037,5064692938774
1126,5;;;1037,5064692938774
1127,0;;;1037,5064692938774
1127,5;;;1037,5064692938774
1128,0;;;1037,5064692938774
1128,5;;;1037,5064692938774
1129,0;;;1037,5064692938774
1129,5;;;1037,5064692938774
1130,0;;;1037,5064692938774
1130,5;;;1037,5064692938774
1131,0;;;1037,5064692938774
1131,5;;;1037,5064692938774
1132,0;;;1037,5064692938774
1132,5;;;1037,5064692938774
1133,0;;;1037,5064692938774
1133,5;;;1037,5064692938774
1134,0;;;1037,5064692938774
1134,5;;;1037,5064692938774
1135,0;;;1037,5064692938774
1135,5;;;1037,5064692938774
1136,0;;;1037,5064692938774
1136,5;;;1037,5064692938774
1137,0;;;1037,5064692938774
1137,5;;;1037,5064692938774
1138,0;;;1037,5064692938774
1138,5;;;1037,5064692938774
1139,0;;;1037,5064692938774
1139,5;;;1037,5064692938774
1140,0;;;1037,5064692938774
1140,5;;;1037,5064692938774
1141,0;;;1037,5064692938774
1141,5;;;1037,5064692938774
1142,0;;;1037,5064692938774
1142,5;;;1037,5064692938774
1143,0;;;1037,5064692938774
1143,5;;;1037,5064692938774
1144,0;;;1037,5064692938774
1144,5;;;1037,5064692938774
1145,0;;;1037,5064692938774
1145,5;;;1037,5064692938774
1146,0;;;1037,5064692938774
1146,5;;;1037,5064692938774
1147,0;;;1037,5064692938774
1147,5;;;1037,5064692938774
1148,0;;;1037,5064692938774
1148,5;;;1037,5064692938774
1149,0;;;1037,5064692938774
1149,5;;;1037,5064692938774
1150,0;;;1037,5064692938774
1150,5;;;1037,5064692938774
1151,0;;;1037,5064692938774
1151,5;;;1037,5064692938774
1152,0;;;1037,5064692938774
1152,5;;;1037,5064692938774
1153,0;;;1037,5064692938774
1153,5;;;1037,5064692938774
1154,0;;;1037,5064692938774
1154,5;;;1037,5064692938774
1155,0;;;1037,5064692938774
1155,5;;;1037,5064692938774
1156,0;;;1037,5064692938774
1156,5;;;1037,5064692938774
1157,0;;;1037,5064692938774
1157,5;;;1037,5064692938774
1158,0;;;1037,5064692938774
1158,5;;;1037,5064692938774
1159,0;;;1037,5064692938774
1159,5;;;1037,5064692938774
1160,0;;;1037,5064692938774
1160,5;;;1037,5064692938774
1161,0;;;1037,5064692938774
1161,5;;;1037,5064692938774
1162,0;;;1037,5064692938774
1162,5;;;1037,5064692938774
1163,0;;;1037,5064692938774
1163,5;;;1037,5064692938774
1164,0;;;1037,5064692938774
1164,5;;;1037,5064692938774
1165,0;;;1037,5064692938774
1165,5;;;1037,5064692938774
1166,0;;;1037,5064692938774
1166,5;;;1037,5064692938774
1167,0;;;1037,5064692938774
1167,5;;;1037,5064692938774
1168,0;;;1037,5064692938774
1168,5;;;1037,5064692938774
1169,0;;;1037,5064692938774
1169,5;;;1037,5064692938774
1170,0;;;1037,5064692938774
1170,5;;;1037,5064692938774
1171,0;;;1037,5064692938774
1171,5;;;1037,5064692938774
1172,0;;;1037,5064692938774
1172,5;;;1037,5064692938774
1173,0;;;1037,5064692938774
1173,5;;;1037,5064692938774
1174,0;;;1037,5064692938774
1174,5;;;1037,5064692938774
1175,0;;;1037,5064692938774
1175,5;;;1037,5064692938774
1176,0;;;1037,5064692938774
1176,5;;;1037,5064692938774
1177,0;;;1037,5064692938774
1177,5;;;1037,5064692938774
1178,0;;;1037,5064692938774
1178,5;;;1037,5064692938774
1179,0;;;1037,5064692938774
1179,5;;;1037,5064692938774
1180,0;;;1037,5064692938774
1180,5;;;1037,5064692938774
1181,0;;;1037,5064692938774
1181,5;;;1037,5064692938774
1182,0;;;1037,5064692938774
1182,5;;;1037,5064692938774
1183,0;;;1037,5064692938774
1183,5;;;1037,5064692938774
1184,0;;;1037,5064692938774
1184,5;;;1037,5064692938774
1185,0;;;1037,5064692938774
1185,5;;;1037,5064692938774
1186,0;;;1037,5064692938774
1186,5;;;1037,5064692938774
1187,0;;;1037,5064692938774
1187,5;;;1037,5064692938774
1188,0;;;1037,5064692938774
1188,5;;;1037,5064692938774
1189,0;;;1037,5064692938774
1189,5;;;1037,5064692938774
1190,0;;;1037,5064692938774
1190,5;;;1037,5064692938774
1191,0;;;1037,5064692938774
1191,5;;;1037,5064692938774
1192,0;;;1037,5064692938774
1192,5;;;1037,5064692938774
1193,0;;;1037,5064692938774
1193,5;;;1037,5064692938774
1194,0;;;1037,5064692938774
1194,5;;;1037,5064692938774
1195,0;;;1037,5064692938774
1195,5;;;1037,5064692938774
1196,0;;;1037,5064692938774
1196,5;;;1037,5064692938774
1197,0;;;1037,5064692938774
1197,5;;;1037,5064692938774
1198,0;;;1037,5064692938774
1198,5;;;1037,5064692938774
1199,0;;;1037,5064692938774
1199,5;;;1037,5064692938774
1200,0;;;1037,5064692938774
1200,5;;;1037,5064692938774
1201,0;;;1037,5064692938774
1201,5;;;1037,5064692938774
1202,0;;;1037,5064692938774
1202,5;;;1037,5064692938774
1203,0;;;1037,5064692938774
1203,5;;;1037,5064692938774
1204,0;;;1037,5064692938774
1204,5;;;1037,5064692938774
1205,0;;;1037,5064692938774
1205,5;;;1037,5064692938774
1206,0;;;1037,5064692938774
1206,5;;;1037,5064692938774
1207,0;;;1037,5064692938774
1207,5;;;1037,5064692938774
1208,0;;;1037,5064692938774
1208,5;;;1037,5064692938774
1209,0;;;1037,5064692938774
1209,5;;;1037,5064692938774
1210,0;;;1037,5064692938774
1210,5;;;1037,5064692938774
1211,0;;;1037,5064692938774
1211,5;;;1037,5064692938774
1212,0;;;1037,5064692938774
1212,5;;;1037,5064692938774
1213,0;;;1037,5064692938774
1213,5;;;1037,5064692938774
1214,0;;;1037,5064692938774
1214,5;;;1037,5064692938774
1215,0;;;1037,5064692938774
1215,5;;;1037,5064692938774
1216,0;;;1037,5064692938774
1216,5;;;1037,5064692938774
1217,0;;;1037,5064692938774
1217,5;;;1037,5064692938774
1218,0;;;1037,5064692938774
1218,5;;;1037,5064692938774
1219,0;;;1037,5064692938774
1219,5;;;1037,5064692938774
1220,0;;;1037,5064692938774
1220,5;;;1037,5064692938774
1221,0;;;1037,5064692938774
1221,5;;;1037,5064692938774
1222,0;;;1037,5064692938774
1222,5;;;1037,5064692938774
1223,0;;;1037,5064692938774
1223,5;;;1037,5064692938774
1224,0;;;1037,5064692938774
1224,5;;;1037,5064692938774
1225,0;;;1037,5064692938774
1225,5;;;1037,5064692938774
1226,0;;;1037,5064692938774
1226,5;;;1037,5064692938774
1227,0;;;1037,5064692938774
1227,5;;;1037,5064692938774
1228,0;;;1037,5064692938774
1228,5;;;1037,5064692938774
1229,0;;;1037,5064692938774
1229,5;;;1037,5064692938774
1230,0;;;1037,5064692938774
1230,5;;;1037,5064692938774
1231,0;;;1037,5064692938774
1231,5;;;1037,5064692938774
1232,0;;;1037,5064692938774
1232,5;;;1037,5064692938774
1233,0;;;1037,5064692938774
1233,5;;;1037,5064692938774
1234,0;;;1037,5064692938774
1234,5;;;1037,5064692938774
1235,0;;;1037,5064692938774
1235,5;;;1037,5064692938774
1236,0;;;1037,5064692938774
1236,5;;;1037,5064692938774
1237,0;;;1037,5064692938774
1237,5;;;1037,5064692938774
1238,0;;;1037,5064692938774
1238,5;;;1037,5064692938774
1239,0;;;1037,5064692938774
1239,5;;;1037,5064692938774
1240,0;;;1037,5064692938774
1240,5;;;1037,5064692938774
1241,0;;;1037,5064692938774
1241,5;;;1037,5064692938774
1242,0;;;1037,5064692938774
1242,5;;;1037,5064692938774
1243,0;;;1037,5064692938774
1243,5;;;1037,5064692938774
1244,0;;;1037,5064692938774
1244,5;;;1037,5064692938774
1245,0;;;1037,5064692938774
1245,5;;;1037,5064692938774
1246,0;;;1037,5064692938774
1246,5;;;1037,5064692938774
1247,0;;;1037,5064692938774
1247,5;;;1037,5064692938774
1248,0;;;1037,5064692938774
1248,5;;;1037,5064692938774
1249,0;;;1037,5064692938774
1249,5;;;1037,5064692938774
1250,0;;;1037,5064692938774
1250,5;;;1037,5064692938774
1251,0;;;1037,5064692938774
1251,5;;;1037,5064692938774
1252,0;;;1037,5064692938774
1252,5;;;1037,5064692938774
1253,0;;;1037,5064692938774
1253,5;;;1037,5064692938774
1254,0;;;1037,5064692938774
1254,5;;;1037,5064692938774
1255,0;;;1037,5064692938774
1255,5;;;1037,5064692938774
1256,0;;;1037,5064692938774
1256,5;;;1037,5064692938774
1257,0;;;1037,5064692938774
1257,5;;;1037,5064692938774
1258,0;;;1037,5064692938774
1258,5;;;1037,5064692938774
1259,0;;;1037,5064692938774
1259,5;;;1037,5064692938774
1260,0;;;1037,5064692938774
1260,5;;;1037,5064692938774
1261,0;;;1037,5064692938774
1261,5;;;1037,5064692938774
1262,0;;;1037,5064692938774
1262,5;;;1037,5064692938774
1263,0;;;1037,5064692938774
1263,5;;;1037,5064692938774
1264,0;;;1037,5064692938774
1264,5;;;1037,5064692938774
1265,0;;;1037,5064692938774
1265,5;;;1037,5064692938774
1266,0;;;1037,5064692938774
1266,5;;;1037,5064692938774
1267,0;;;1037,5064692938774
1267,5;;;1037,5064692938774
1268,0;;;1037,5064692938774
1268,5;;;1037,5064692938774
1269,0;;;1037,5064692938774
1269,5;;;1037,5064692938774
1270,0;;;1037,5064692938774
1270,5;;;1037,5064692938774
1271,0;;;1037,5064692938774
1271,5;;;1037,5064692938774
1272,0;;;1037,5064692938774
1272,5;;;1037,5064692938774
1273,0;;;1037,5064692938774
1273,5;;;1037,5064692938774
1274,0;;;1037,5064692938774
1274,5;;;1037,5064692938774
1275,0;;;1037,5064692938774
1275,5;;;1037,5064692938774
1276,0;;;1037,5064692938774
1276,5;;;1037,5064692938774
1277,0;;;1037,5064692938774
1277,5;;;1037,5064692938774
1278,0;;;1037,5064692938774
1278,5;;;1037,5064692938774
1279,0;;;1037,5064692938774
1279,5;;;1037,5064692938774
1280,0;;;1037,5064692938774
1280,5;;;1037,5064692938774
1281,0;;;1037,5064692938774
1281,5;;;1037,5064692938774
1282,0;;;1037,5064692938774
1282,5;;;1037,5064692938774
1283,0;;;1037,5064692938774
1283,5;;;1037,5064692938774
1284,0;;;1037,5064692938774
1284,5;;;1037,5064692938774
1285,0;;;1037,5064692938774
1285,5;;;1037,5064692938774
1286,0;;;1037,5064692938774
1286,5;;;1037,5064692938774
1287,0;;;1037,5064692938774
1287,5;;;1037,5064692938774
1288,0;;;1037,5064692938774
1288,5;;;1037,5064692938774
1289,0;;;1037,5064692938774
1289,5;;;1037,5064692938774
1290,0;;;1037,5064692938774
1290,5;;;1037,5064692938774
1291,0;;;1037,5064692938774
1291,5;;;1037,5064692938774
1292,0;;;1037,5064692938774
1292,5;;;1037,5064692938774
1293,0;;;1037,5064692938774
1293,5;;;1037,5064692938774
1294,0;;;1037,5064692938774
1294,5;;;1037,5064692938774
1295,0;;;1037,5064692938774
1295,5;;;1037,5064692938774
1296,0;;;1037,5064692938774
1296,5;;;1037,5064692938774
1297,0;;;1037,5064692938774
1297,5;;;1037,5064692938774
1298,0;;;1037,5064692938774
1298,5;;;1037,5064692938774
1299,0;;;1037,5064692938774
1299,5;;;1037,5064692938774
1300,0;;;1037,5064692938774
1300,5;;;1037,5064692938774
1301,0;;;1037,5064692938774
1301,5;;;1037,5064692938774
1302,0;;;1037,5064692938774
1302,5;;;1037,5064692938774
1303,0;;;1037,5064692938774
1303,5;;;1037,5064692938774
1304,0;;;1037,5064692938774
1304,5;;;1037,5064692938774
1305,0;;;1037,5064692938774
1305,5;;;1037,5064692938774
1306,0;;;1037,5064692938774
1306,5;;;1037,5064692938774
1307,0;;;1037,5064692938774
1307,5;;;1037,5064692938774
1308,0;;;1037,5064692938774
1308,5;;;1037,5064692938774
1309,0;;;1037,5064692938774
1309,5;;;1037,5064692938774
