,holder1
0.0,15.966151563164544
0.5,17.885730482523044
1.0,17.75141811017264
1.5,16.99165062378808
2.0,17.016264217378115
2.5,17.37136662081275
3.0,18.789157229868664
3.5,20.130210280248207
4.0,19.68656675984539
4.5,20.249046715840255
5.0,21.43947452999533
5.5,20.77337433916497
6.0,21.11293226439654
6.5,20.83614748031437
7.0,17.47350780341673
7.5,15.120884035496303
8.0,20.46036359775735
8.5,12.458788429189315
9.0,12.663586658956378
9.5,20.969662607437435
10.0,18.293629278692187
10.5,16.246828779825783
11.0,21.15312280318984
11.5,16.405480579986378
12.0,13.195114741434942
12.5,17.204569211048025
13.0,14.858680541945263
13.5,12.73984082007431
14.0,16.001389080706435
14.5,18.021074583990355
15.0,16.533246162120072
15.5,22.25678436305384
16.0,21.318011874831747
16.5,15.956303239772893
17.0,19.546251599904238
17.5,18.24374048619684
18.0,12.088725953554828
18.5,15.058298481459378
19.0,13.887311185530738
19.5,8.044701343625412
20.0,15.939369895450223
20.5,18.71885174467511
21.0,10.940083168646652
21.5,13.171197384626236
22.0,21.03953880674011
22.5,14.97753140731464
23.0,17.727031785583733
23.5,17.858342764138683
24.0,10.213230005568224
24.5,15.658321112009716
25.0,21.244477726841545
25.5,17.306288322649742
26.0,16.403417121751747
26.5,19.673662930991224
27.0,15.313348412635229
27.5,17.76961406005817
28.0,21.542741235273027
28.5,15.622921259467216
29.0,14.414899938652313
29.5,16.8624427853569
30.0,14.777599620131694
30.5,15.302937327907289
31.0,18.659440741767845
31.5,14.549118517446608
32.0,12.759537466857568
32.5,17.895485012358584
33.0,19.37451559866553
33.5,18.04086502432978
34.0,20.673837731465078
34.5,19.20442098465891
35.0,17.012887649358312
35.5,20.291794932759988
36.0,17.71118788949027
36.5,14.25427486636837
37.0,16.32847607041945
37.5,17.811070811858997
38.0,17.383231505660603
38.5,19.19752715828498
39.0,18.082415569686752
39.5,16.326145661294763
40.0,20.171667032049374
40.5,19.509953493689448
41.0,17.64655691444112
41.5,17.784996203259922
42.0,9.14210759478577
42.5,8.715675191929467
43.0,15.87657871707933
43.5,11.820570176634853
44.0,9.871024216098967
44.5,20.01414075456091
45.0,15.788694155003157
45.5,13.436496065529719
46.0,24.892202917536544
46.5,19.987795587627396
47.0,13.312298967461686
47.5,21.440693846224818
48.0,13.708569527139666
48.5,8.441188349971828
49.0,19.74471876463361
49.5,16.428218817803447
50.0,7.900327808660793
50.5,16.42475515576719
51.0,16.16218009543593
51.5,10.59403184337726
52.0,16.46194430076512
52.5,17.170100079177374
53.0,11.218350612404937
53.5,15.301357267231015
54.0,17.964430490988732
54.5,11.481787851963787
55.0,15.187553216669174
55.5,21.830124691195675
56.0,8.46946710713891
56.5,16.110077775016222
57.0,26.008526607475346
57.5,5.787487266935802
58.0,10.007118666015089
58.5,21.99895309219483
59.0,10.526219102309351
59.5,12.152837456600414
60.0,20.412528884140666
60.5,12.137498602732009
61.0,13.665489425328827
61.5,21.3301112435704
62.0,16.94535628895844
62.5,11.413325770891518
63.0,17.89745467703645
63.5,13.460081537446724
64.0,11.405273954844018
64.5,19.866087626241022
65.0,15.422199441945674
65.5,13.21940727246739
66.0,19.89197464772749
66.5,21.036209135498083
67.0,13.628253383553039
67.5,20.223441075022173
68.0,18.97448608185433
68.5,10.592390456144795
69.0,15.310440812396124
69.5,14.673066701846722
70.0,6.806648047633294
70.5,13.731036691272262
71.0,16.293981686437725
71.5,10.877663557055477
72.0,18.689916432614723
72.5,20.48404286323101
73.0,15.193292660813906
73.5,20.97754126615135
74.0,18.629354654923475
74.5,11.40468954884051
75.0,17.1487007186061
75.5,17.38331447688357
76.0,10.630611330260662
76.5,18.117108363114546
77.0,16.167338741021855
77.5,10.530908780114732
78.0,18.51147419211466
78.5,17.284560684632446
79.0,12.793584527725557
79.5,17.5618252588289
80.0,17.21862381468692
80.5,10.87081662745896
81.0,19.381413032484588
81.5,22.28596137389297
82.0,12.376156306255194
82.5,19.87471663340287
83.0,22.99081994806405
83.5,13.1397765433298
84.0,20.375007854252942
84.5,22.746440837617875
85.0,14.874675950706568
85.5,14.736330455443486
86.0,19.085725239401622
86.5,12.079440391499944
87.0,12.94260805860722
87.5,20.60655167728936
88.0,12.55112818517974
88.5,12.85258067451894
89.0,24.575837252776658
89.5,13.230345044087233
90.0,11.336923704551019
90.5,27.47574642060186
91.0,20.632741724110875
91.5,11.068814824408927
92.0,24.565144787379545
92.5,15.656712191777467
93.0,13.12251852900489
93.5,24.974835040469827
94.0,20.043941853293735
94.5,14.32288846010746
95.0,24.255539473547437
95.5,27.330178821518366
96.0,20.6404472254895
96.5,23.20865187468591
97.0,16.639776883150674
97.5,14.417432364667073
98.0,23.610283096840135
98.5,22.393167408527287
99.0,13.816316678443874
99.5,14.309382188027817
100.0,14.165221492285854
100.5,11.200688564300087
101.0,20.229155267056075
101.5,14.034473275067784
102.0,7.691074384977377
102.5,12.01256558599262
103.0,16.79735005741629
103.5,15.310289299728177
104.0,21.238709423140556
104.5,20.71824898028367
105.0,11.737411366809486
105.5,22.13345305165778
106.0,21.965140515216977
106.5,11.549319212363198
107.0,14.306568381344835
107.5,14.715133111762146
108.0,8.497464483638213
108.5,21.295220040697544
109.0,22.761494703373845
109.5,11.245474987342792
110.0,11.384570831054496
110.5,18.944847318123422
111.0,12.069736365886829
111.5,11.661027337690687
112.0,16.45974015219638
112.5,13.898003650927205
113.0,15.65250591153093
113.5,16.884707932600012
114.0,15.96615156316474
114.5,16.205325131246482
115.0,18.503988744847984
115.5,15.636936181216388
116.0,17.27682271625335
116.5,22.551145647271753
117.0,14.533602383450056
117.5,13.41049154442357
118.0,13.627034067323867
118.5,15.04997610707693
119.0,16.656988000696813
119.5,19.969260537962782
120.0,17.78953797584267
120.5,17.50136448958235
121.0,21.396459362185524
121.5,21.225953499509764
122.0,20.19453462251794
122.5,15.329105730061844
123.0,11.274128918734547
123.5,9.30479251785939
124.0,10.90561403677628
124.5,8.628869255749034
125.0,11.386702830733988
125.5,14.774223052111774
126.0,14.71883795722873
126.5,16.831851656287103
127.0,24.22748798538143
127.5,21.37226474750245
128.0,11.303767682465669
128.5,16.581812465474464
129.0,17.90824093598952
129.5,9.95979981695741
130.0,15.773124424688984
130.5,18.478974724922537
131.0,8.911750620978346
131.5,14.32049672442706
132.0,19.191336783581505
132.5,8.131950995475119
133.0,9.510716270300353
133.5,14.048899445486533
134.0,7.9473652770495065
134.5,12.77510719717151
135.0,18.12171506969709
135.5,15.648003820837374
136.0,20.108464605008592
136.5,21.217840356906066
137.0,19.006563478043923
137.5,13.543651595941457
138.0,12.385128020642222
138.5,2.529661888992867
139.0,-2.2134313467395343
139.5,-6.853023393303877
140.0,-11.699148850423505
140.5,-14.160151072430237
141.0,-15.15783312877787
141.5,-20.97148601395564
142.0,-27.762186373137016
142.5,-28.30637658569042
143.0,-36.335198782308794
143.5,-38.928543711987366
144.0,-40.773791238128226
144.5,-48.93322096163082
145.0,-53.003908193606435
145.5,-52.61729115531882
146.0,-56.28205791367028
146.5,-61.673618151683655
147.0,-66.27372671857012
147.5,-70.04291456442854
148.0,-72.9915242325425
148.5,-73.84830672294551
149.0,-79.16030477326646
149.5,-84.63644154678036
150.0,-84.56318877945768
150.5,-89.6950563052683
151.0,-94.00866884757038
151.5,-95.81269410580055
152.0,-98.59850702006257
152.5,-104.47119934136748
153.0,-113.40082567320482
153.5,-121.49083734285249
154.0,-121.13770460409611
154.5,-113.73392266539804
155.0,-123.79517907404289
155.5,-130.364504996137
156.0,-128.78333322722494
156.5,-132.2840370187174
157.0,-132.3951823827084
157.5,-127.52335749121393
158.0,-141.44425480825197
158.5,-149.02016523814686
159.0,-144.1809523661126
159.5,-144.59974780903462
160.0,-156.7120997399282
160.5,-163.44535154599149
161.0,-166.34296277169264
161.5,-166.57013076459293
162.0,-158.04884550161555
162.5,-156.8593556230217
163.0,-166.64990218406456
163.5,-164.19661628577006
164.0,-158.16740055653898
164.5,-159.3700215329884
165.0,-155.1098316357802
165.5,-155.64074284525535
166.0,-166.5546079310566
166.5,-159.0605027978244
167.0,-154.41772177035136
167.5,-158.5286933346768
168.0,-158.63955731799956
168.5,-154.42297420949416
169.0,-151.3501530135337
169.5,-142.43925292591751
170.0,-139.2636844966834
170.5,-141.6404132085244
171.0,-141.95143264058697
171.5,-131.51230363903932
172.0,-130.82085754339315
172.5,-129.8228003128205
173.0,-121.32552620020707
173.5,-128.20823803793337
174.0,-129.71559427818622
174.5,-118.65761539342094
175.0,-118.22441903219134
175.5,-121.10262581411081
176.0,-115.07582707267197
176.5,-117.91911379216319
177.0,-120.32901656331134
177.5,-115.28939499993564
178.0,-117.12277764122872
178.5,-120.76178003120555
179.0,-117.60429932852222
179.5,-118.01691161163018
180.0,-121.72635296224621
180.5,-117.09801614241503
181.0,-118.28145633664022
181.5,-121.56953013642976
182.0,-117.6153813979211
182.5,-119.01975231356377
183.0,-121.65657055649982
183.5,-115.765022122972
184.0,-118.46374411294104
184.5,-121.21152013275544
185.0,-113.90636211830693
185.5,-117.91739664859682
186.0,-117.11541123962937
186.5,-105.95384097958402
187.0,-109.69732939106807
187.5,-114.23084092567214
188.0,-105.56431634105743
188.5,-106.68421140101741
189.0,-109.67246069961988
189.5,-103.16704684042827
190.0,-104.66718097686078
190.5,-109.16917787661049
191.0,-106.48818286874692
191.5,-106.09396855241405
192.0,-109.40871940402856
192.5,-105.8675220484073
193.0,-105.37142989291654
193.5,-113.19249575530623
194.0,-111.16107162773011
194.5,-110.31697651951306
195.0,-109.94297471452242
195.5,-109.15886058543839
196.0,-110.51017320787811
196.5,-109.16200266956719
197.0,-111.73611992024306
197.5,-110.28714656122551
198.0,-107.86606071223237
198.5,-114.77568769311787
199.0,-115.88198268744095
199.5,-111.36871252373514
200.0,-113.41816665875163
200.5,-115.13780451464157
201.0,-116.5780246673382
201.5,-116.6391512677633
202.0,-109.11513114362425
202.5,-117.45514448666097
203.0,-123.1267845485325
203.5,-112.92066399247466
204.0,-117.0316103046901
204.5,-127.82319745287722
205.0,-119.84504181378173
205.5,-119.4413543482817
206.0,-121.23575906747074
206.5,-117.70850500005916
207.0,-115.10978033998387
207.5,-112.57594742165763
208.0,-113.8693389157549
208.5,-113.46670482403943
209.0,-113.69180935870452
209.5,-113.91124299066954
210.0,-115.63280206841196
210.5,-113.8934655043424
211.0,-115.88573442968624
211.5,-118.40043346256573
212.0,-118.37323333129395
212.5,-116.86296949080217
213.0,-119.0599897491355
213.5,-116.11384757303594
214.0,-114.91637802728394
214.5,-118.80252643761199
215.0,-118.61794071918635
215.5,-118.54647002942968
216.0,-121.12330729323298
216.5,-124.5727998030886
217.0,-125.12504554220381
217.5,-124.04605519197202
218.0,-123.39799222347104
218.5,-126.68371757691273
219.0,-124.02328860994837
219.5,-121.9188894882742
220.0,-125.74015440244054
220.5,-126.28684096656443
221.0,-125.06896771491364
221.5,-125.41581628541041
222.0,-124.18393171945456
222.5,-124.54416390891953
223.0,-126.34887458159812
223.5,-124.77595664562409
224.0,-124.0612497480619
224.5,-124.97067206810956
225.0,-123.67632099378409
225.5,-124.49964082932252
226.0,-125.93580776048702
226.5,-125.31831788383323
227.0,-119.34292739049792
227.5,-126.06683735837306
228.0,-124.76253695221199
228.5,-123.97852383157223
229.0,-130.1132789560946
229.5,-127.63750424900063
230.0,-123.63298837086109
230.5,-128.8458466323727
231.0,-131.6939817572256
231.5,-128.76970069458872
232.0,-133.067682180021
232.5,-133.8042898729352
233.0,-129.76586762426112
233.5,-136.80816919770922
234.0,-137.39531685896137
234.5,-128.96346375173525
235.0,-132.332528287227
235.5,-134.34683869825662
236.0,-129.85544047034682
236.5,-131.31602258565576
237.0,-135.43648533637054
237.5,-130.62923730825867
238.0,-131.7264530863508
238.5,-136.8019788230061
239.0,-131.77337800247273
239.5,-131.71761773336476
240.0,-135.8662943072471
240.5,-130.07773119832856
241.0,-130.30283573299434
241.5,-137.01076327890814
242.0,-135.06518189984004
242.5,-136.57349772032052
243.0,-145.1372245674378
243.5,-138.69032448817893
244.0,-140.92992702098707
244.5,-145.77797524600746
245.0,-134.94115795910665
245.5,-135.41946180593663
246.0,-141.16980404073965
246.5,-135.4870797450032
247.0,-137.7971847294727
247.5,-138.86377763298378
248.0,-134.38651337249127
248.5,-134.48513729674056
249.0,-142.31553922540797
249.5,-137.963705808991
250.0,-133.13708941154252
250.5,-139.21570909273316
251.0,-138.15335637944656
251.5,-136.9771851858204
252.0,-143.60464507548056
252.5,-140.7641938073398
253.0,-138.72111402669483
253.5,-143.58475362669617
254.0,-143.36790292496846
254.5,-142.12996867464352
255.0,-145.84457227828966
255.5,-146.33506207252537
256.0,-144.35404115902543
256.5,-147.45045504179222
257.0,-147.32974273507804
257.5,-143.62027973979505
258.0,-145.57064459022467
258.5,-145.27275625601746
259.0,-143.9993211447046
259.5,-146.07628565121686
260.0,-144.58393637994206
260.5,-143.33174550908802
261.0,-146.2633100021009
261.5,-145.9898079924827
262.0,-143.75170615657285
262.5,-145.50703452195927
263.0,-143.80741952890241
263.5,-142.42625169606325
264.0,-146.34659867992707
264.5,-148.10483825299792
265.0,-143.17651717372473
265.5,-151.22142496521673
266.0,-152.44918261470366
266.5,-147.16724539911652
267.0,-152.31862198459754
267.5,-150.18181718928702
268.0,-144.2281774216141
268.5,-146.80130983995105
269.0,-149.1239990336948
269.5,-145.21601115457065
270.0,-148.17810545009775
270.5,-150.81234437024042
271.0,-146.9432555647906
271.5,-150.83518310115323
272.0,-153.55531166658193
272.5,-149.09470297718818
273.0,-150.78551941319196
273.5,-158.5054325327613
274.0,-148.67136576168278
274.5,-153.69143136860959
275.0,-161.9096768666825
275.5,-151.58731362760378
276.0,-150.79635256892323
276.5,-158.65400152564064
277.0,-151.1927241370466
277.5,-150.2204601344048
278.0,-155.11442030514058
278.5,-148.85707700278184
279.0,-146.6797533912314
279.5,-154.24026436219015
280.0,-154.9868610688307
280.5,-148.4744461906294
281.0,-156.76261839222684
281.5,-153.8285106508647
282.0,-155.68862445564946
282.5,-159.58049427290052
283.0,-156.82113474890616
283.5,-154.29073972515573
284.0,-158.332852389518
284.5,-155.96545613650966
285.0,-152.64632223987036
285.5,-158.27207416515807
286.0,-156.48946269727656
286.5,-153.28446112864611
287.0,-162.0690249036253
287.5,-165.0243660631121
288.0,-156.92932561587992
288.5,-162.35608008210232
289.0,-161.8621740379573
289.5,-155.24516852235882
290.0,-157.9597416233102
290.5,-159.78632423178487
291.0,-154.60343301145076
291.5,-159.11154525105928
292.0,-162.59150551538403
292.5,-159.02789077836428
293.0,-163.70220159195563
293.5,-164.36327300520088
294.0,-160.18452477425268
294.5,-162.76534826418973
295.0,-163.78787118312908
295.5,-156.49918836755603
296.0,-160.7748036973008
296.5,-163.8920902537461
297.0,-159.90825585472822
297.5,-163.63348698977097
298.0,-166.9883093345112
298.5,-161.5922722579154
299.0,-165.46289783470738
299.5,-167.7959656461791
300.0,-159.45134054613567
300.5,-163.5466753847492
301.0,-168.6763451523214
301.5,-164.34858349133592
302.0,-166.54038017008276
302.5,-171.4108630922352
303.0,-167.3182894946858
303.5,-166.92762490370757
304.0,-171.32250956237942
304.5,-169.03108608982058
305.0,-166.6538415134208
305.5,-171.0914960336787
306.0,-166.16034671794546
306.5,-164.7729993327361
307.0,-171.45579020561212
307.5,-168.6628056917529
308.0,-165.1563335965598
308.5,-178.8584466216368
309.0,-172.96392565386998
309.5,-171.32794958863363
310.0,-181.76484918950183
310.5,-178.31500675753256
311.0,-174.5040807792052
311.5,-182.46433988630724
312.0,-184.34818346078714
312.5,-179.03759231380758
313.0,-190.56228793377915
313.5,-192.68145954054017
314.0,-190.11254783222927
314.5,-201.50049966227942
315.0,-206.23223666283363
315.5,-201.1874095570936
316.0,-204.65034268354026
316.5,-206.0499957833108
317.0,-204.19452475955393
317.5,-208.19041163053123
318.0,-210.6263240762783
318.5,-206.51478975061667
319.0,-210.56991807461088
319.5,-214.36484142928867
320.0,-208.3894559863757
320.5,-212.01811944051394
321.0,-210.63589101900152
321.5,-204.9771850885185
322.0,-211.19540565564512
322.5,-213.40655266650694
323.0,-208.89920953405897
323.5,-213.73028112542278
324.0,-220.9856347615758
324.5,-214.5867100862676
325.0,-222.89339569286426
325.5,-224.12077816812646
326.0,-216.16337615704197
326.5,-223.60979087443684
327.0,-225.0527109416414
327.5,-219.29528729335163
328.0,-223.9320655332323
328.5,-227.74561773113086
329.0,-229.32125568023196
329.5,-232.57823691617045
330.0,-236.1709052894289
330.5,-237.5144655137122
331.0,-240.2951017451658
331.5,-241.84638944412285
332.0,-240.33304123861262
332.5,-242.36540690919404
333.0,-243.29809003115747
333.5,-240.29561760972453
334.0,-238.56939410628763
334.5,-245.0386170519003
335.0,-239.497199963333
335.5,-245.75402740113324
336.0,-255.51879155657952
336.5,-255.16972801518045
337.0,-254.57745056789804
337.5,-257.43174720789875
338.0,-255.27805957248836
338.5,-254.01015828098596
339.0,-257.2432221601166
339.5,-255.63747647950413
340.0,-253.85764995875005
340.5,-256.18438670518395
341.0,-256.18804465387234
341.5,-253.0024403141337
342.0,-259.2968990665541
342.5,-260.8645913615445
343.0,-253.2041974682175
343.5,-255.37865316141688
344.0,-251.73416384840732
344.5,-248.04713915770196
345.0,-253.6957622809035
345.5,-257.68030590350287
346.0,-252.6375400915303
346.5,-253.35060199441648
347.0,-258.8080738502645
347.5,-255.12273744356918
348.0,-258.78631374524684
348.5,-261.1421914280762
349.0,-255.31013696867842
349.5,-254.21575375598067
350.0,-260.7031654365892
350.5,-255.94193036263883
351.0,-257.7806592366301
351.5,-261.86715068281
352.0,-258.5233166139128
352.5,-260.8336394880279
353.0,-259.6938132973943
353.5,-256.18982673143853
354.0,-260.9994664952312
354.5,-260.95854364521165
355.0,-254.75758830729714
355.5,-261.5404417532767
356.0,-263.9810078023845
356.5,-260.4325313453211
357.0,-265.0424846281545
357.5,-267.70312643434227
358.0,-261.244455263792
358.5,-265.3402322720271
359.0,-268.99937863190155
359.5,-263.82654496673746
360.0,-261.8608087954394
360.5,-267.5597629838278
361.0,-260.74875631974805
361.5,-263.71740894931446
362.0,-268.3453778098092
362.5,-264.05826194710846
363.0,-265.51586070584426
363.5,-267.6799125292047
364.0,-267.8940432178054
364.5,-266.5243759179227
365.0,-269.2632415499071
365.5,-267.53443872367757
366.0,-266.3433074578518
366.5,-269.5477390502572
367.0,-266.9943285308144
367.5,-267.55110511710944
368.0,-265.7784357661759
368.5,-265.90050807945295
369.0,-264.98614716793224
369.5,-265.6182363723392
370.0,-267.53031180720836
370.5,-267.78908822851747
371.0,-268.6545502303054
371.5,-269.35994992114627
372.0,-267.91802550861405
372.5,-268.3123336185026
373.0,-269.6061976878255
373.5,-267.26450086919147
374.0,-267.46376527914833
374.5,-268.5597898790781
375.0,-269.19060204814394
375.5,-268.3363736284223
376.0,-274.62772791720545
376.5,-274.5957334922382
377.0,-274.20850679583623
377.5,-278.4107770076778
378.0,-276.0759689649965
378.5,-273.588812770613
379.0,-276.27524780473124
379.5,-273.7389690390568
380.0,-271.79229099687177
380.5,-274.29123271232487
381.0,-275.9347771960497
381.5,-271.7331577671886
382.0,-271.49220933642937
382.5,-270.17997976733136
383.0,-261.1532879272527
383.5,-269.4053460023037
384.0,-277.0970200465938
384.5,-268.8918565851308
385.0,-274.4825282774566
385.5,-280.2355400211647
386.0,-278.5310441557458
386.5,-279.84428020184976
387.0,-283.11110976117993
387.5,-280.1691233611055
388.0,-278.827630202501
388.5,-281.48574679756246
389.0,-278.80869833394445
389.5,-277.50694478357514
390.0,-282.65780550449824
390.5,-281.82610918290993
391.0,-282.58267686605313
391.5,-285.484274317889
392.0,-282.0407376988466
392.5,-281.2559670148692
393.0,-284.8314711673599
393.5,-282.5618546965968
394.0,-280.6518427199614
394.5,-281.4491817404577
395.0,-280.5118450151334
395.5,-277.1424630245292
396.0,-281.4529803794794
396.5,-282.70911057969
397.0,-279.6264915645611
397.5,-281.9913445692208
398.0,-281.2991589474585
398.5,-281.09215296167804
399.0,-282.4288554340319
399.5,-281.10894561566636
400.0,-279.8470940085332
400.5,-282.0075347799832
401.0,-282.277097460245
401.5,-282.3382977556071
402.0,-287.14336327981687
402.5,-288.0853572159467
403.0,-285.8612811241195
403.5,-283.4150008829782
404.0,-281.7413486677416
404.5,-281.7413486677416
405.0,-285.464577671106
405.5,-285.0329397258854
406.0,-278.45425970029146
406.5,-283.47632022400785
407.0,-291.7299872192902
407.5,-292.69160565331373
408.0,-292.9211653818942
408.5,-287.2512511214552
409.0,-283.7314892008508
409.5,-285.60540869560543
410.0,-286.7487052478149
410.5,-283.4491128778466
411.0,-285.21095989538304
411.5,-288.12503189018116
412.0,-285.31561907422406
412.5,-288.1144332183409
413.0,-289.4202703958455
413.5,-284.9957036841088
414.0,-286.47079494105935
414.5,-291.2180150932607
415.0,-287.7861557719539
415.5,-289.15380651038
416.0,-292.9964347106727
416.5,-290.35628679649506
417.0,-290.9019777059464
417.5,-298.30480727930615
418.0,-295.6623758527811
418.5,-290.2632435888333
419.0,-298.51869266168194
419.5,-288.52220070353144
420.0,-288.7074970885161
420.5,-300.07770750668476
421.0,-294.2748877772375
421.5,-288.0767282087844
422.0,-300.97103340952657
422.5,-297.94381031161356
423.0,-291.90665820455797
423.5,-299.09006857572933
424.0,-297.47306045349444
424.5,-288.3570771479982
425.0,-294.8413070625884
425.5,-295.0271120972441
426.0,-286.8880175381952
426.5,-294.25505044011993
427.0,-299.7770053657943
427.5,-294.01686170437733
428.0,-297.0580239677054
428.5,-299.7044560501425
429.0,-295.4036246835831
429.5,-296.91395706551987
430.0,-297.5893139588495
430.5,-295.0960503609852
431.0,-295.7057553724818
431.5,-295.6831980222373
432.0,-292.49009019800985
432.5,-294.920797101393
433.0,-297.5082330370369
433.5,-291.6224420848764
434.0,-293.8982128558974
434.5,-299.89462248515656
435.0,-299.2477283286622
435.5,-300.55291255871833
436.0,-301.01661707779556
436.5,-297.2437352088043
437.0,-298.10898076392436
437.5,-302.3908910842608
438.0,-300.6777048851236
438.5,-298.43059886782726
439.0,-302.2015218944734
439.5,-302.03714868738996
440.0,-301.5486429876105
440.5,-304.54603251979086
441.0,-301.32389558994726
441.5,-300.30037340889095
442.0,-304.1505050936727
442.5,-301.9333661175538
443.0,-300.4238995222886
443.5,-304.46058659017416
444.0,-304.73840310337346
444.5,-308.9800290913611
445.0,-316.58152784634024
445.5,-309.1954728897465
446.0,-311.4695914512026
446.5,-316.87003682493634
447.0,-313.63697294580595
447.5,-311.89841558974035
448.0,-318.13156015462243
448.5,-314.75175986440195
449.0,-313.5056150704728
449.5,-321.78913366870955
450.0,-326.34093494675426
450.5,-329.78372121734765
451.0,-333.96372483897017
451.5,-332.7386944174993
452.0,-333.7497817374822
452.5,-337.68320210009006
453.0,-335.5962954766303
453.5,-332.91487479031963
454.0,-336.4442830174262
454.5,-336.11262178813035
455.0,-330.42020428911354
455.5,-338.42543740637063
456.0,-345.8643450318322
456.5,-344.13638634760775
457.0,-350.6959324877547
457.5,-351.23599578383846
458.0,-343.9934449680952
458.5,-348.4896735641446
459.0,-353.23377977028235
459.5,-348.5282696124833
460.0,-349.120013157985
460.5,-357.0027987877397
461.0,-353.8406428370288
461.5,-356.2126818710648
462.0,-357.056214217945
462.5,-353.0253315282044
463.0,-353.1371911661998
463.5,-351.7763909648145
464.0,-350.2626062585239
464.5,-351.0612944632498
465.0,-350.8422504352872
465.5,-350.53474465413416
466.0,-353.815159127834
466.5,-353.58064709949053
467.0,-354.94027848886924
467.5,-366.75507757789
468.0,-370.1316455978693
468.5,-371.04165953880914
469.0,-377.93358118225626
469.5,-377.4555154267608
470.0,-372.9120617752102
470.5,-376.21781566032644
471.0,-381.09423643606954
471.5,-379.4117712340031
472.0,-381.0354747731663
472.5,-383.3895523412068
473.0,-386.2355085696029
473.5,-393.77559418999584
474.0,-397.8913492256827
474.5,-396.19828174433087
475.0,-396.01679121325697
475.5,-396.89099405298583
476.0,-394.36790049683407
476.5,-394.3808440075769
477.0,-395.78301077465187
477.5,-391.6604557061472
478.0,-389.0143519011565
478.5,-392.5581033274583
479.0,-392.2834757951666
479.5,-391.4480133015564
480.0,-395.55138758783687
480.5,-396.872000857873
481.0,-397.666995039466
481.5,-399.7273111897682
482.0,-396.8013274133437
482.5,-397.5771877094903
483.0,-399.48520992282755
483.5,-395.93997429080264
484.0,-394.9217153712211
484.5,-397.51927740348117
485.0,-397.04373685911145
485.5,-393.990893690603
486.0,-400.72499324611636
486.5,-392.63347005723745
487.0,-392.1239834604453
487.5,-400.9247266238542
488.0,-399.6028002440317
488.5,-395.72868626844115
489.0,-402.3285347781602
489.5,-402.70888929285513
490.0,-400.572860098105
490.5,-407.50453217212043
491.0,-405.318110585628
491.5,-397.6047161182091
492.0,-404.2324032768697
492.5,-402.2202032208523
493.0,-392.62540381141173
493.5,-402.401318577702
494.0,-403.0963757252589
494.5,-395.9777875236925
495.0,-399.23297225228765
495.5,-400.8421233604759
496.0,-395.8109504320387
496.5,-400.31230159922956
497.0,-401.138200757561
497.5,-394.39120819552716
498.0,-398.5188389383953
498.5,-405.0327905879393
499.0,-399.145744245105
499.5,-400.1812178896762
500.0,-405.9771041108604
500.5,-398.5117935993537
501.0,-401.14382837092785
501.5,-409.77513708266713
502.0,-401.0728735457302
502.5,-401.3072167456726
503.0,-404.12831046681003
503.5,-402.4911201885586
504.0,-404.34885369590074
504.5,-405.2770290080516
505.0,-401.70518280424943
505.5,-402.3001514051033
506.0,-402.8157129383762
506.5,-400.66463709275905
507.0,-401.4716693165346
507.5,-402.3146533318557
508.0,-398.66735381960746
508.5,-402.44718362663986
509.0,-407.8747353380888
509.5,-403.49173360148666
510.0,-411.3529755728923
510.5,-412.0388315725952
511.0,-407.2252041396897
511.5,-411.9417646213765
512.0,-413.67014537660344
512.5,-407.6496777002023
513.0,-410.787447326324
513.5,-413.5091018407612
514.0,-406.71712856903275
514.5,-407.39976476994497
515.0,-416.8924229967811
515.5,-413.9679904214762
516.0,-408.10434196344715
516.5,-413.13674142300204
517.0,-413.0303795303732
517.5,-411.65977429492983
518.0,-414.7640596215204
518.5,-412.9975517857343
519.0,-406.0829501389311
519.5,-412.01717464048886
520.0,-415.14868535046264
520.5,-411.9052320312712
521.0,-415.96566329863094
521.5,-418.0147097924218
522.0,-410.78796319088235
522.5,-412.9819351586425
523.0,-414.54603650034164
523.5,-410.76432721474237
524.0,-411.6389287210776
524.5,-411.53715180237805
525.0,-408.21520594676997
525.5,-409.70825866971626
526.0,-411.00537665394666
526.5,-406.8505674244733
527.0,-414.3161015975365
527.5,-417.19758033158604
528.0,-407.83730449431096
528.5,-414.8608545714262
529.0,-418.7975577084979
529.5,-413.90430098943307
530.0,-423.06450795663477
530.5,-423.2589419984524
531.0,-412.02599123476307
531.5,-415.5107032249391
532.0,-424.732157384281
532.5,-417.827689048982
533.0,-420.0558920572778
533.5,-421.6561977116356
534.0,-419.5873138807268
534.5,-417.9915427840625
535.0,-419.52164396167194
535.5,-417.48646448440746
536.0,-416.932379051684
536.5,-420.62437480086396
537.0,-418.2205397513064
537.5,-416.0523610114774
538.0,-420.67010276691167
538.5,-425.638296929865
539.0,-422.7632430544095
539.5,-426.2401701794263
540.0,-422.3102562528386
540.5,-420.1941437589846
541.0,-425.91723896573706
541.5,-425.65414804084776
542.0,-419.2177528398738
542.5,-420.39562313984385
543.0,-421.094561897645
543.5,-418.8367634149524
544.0,-425.42726142861534
544.5,-426.96847714262503
545.0,-422.1891326974556
545.5,-425.70160758023917
546.0,-427.5321764148487
546.5,-424.4409283925578
547.0,-425.7067662258258
547.5,-427.4978479733122
548.0,-424.6081731254361
548.5,-425.90954789413627
549.0,-428.01230562857893
549.5,-428.1826347264756
550.0,-429.5055928354145
550.5,-429.5055928354145
551.0,-426.732304968338
551.5,-429.1001232923487
552.0,-433.1522862969923
552.5,-428.2254983816183
553.0,-430.0053249023721
553.5,-430.52133015131403
554.0,-427.35039007332887
554.5,-434.981823402485
555.0,-436.25209117755685
555.5,-427.37066391122596
556.0,-428.901749921175
556.5,-432.3731901231608
557.0,-428.1973603147849
557.5,-430.3763722103449
558.0,-433.1653236012919
558.5,-428.9371100918286
559.0,-429.30187323154246
559.5,-433.98742412060096
560.0,-432.53437434933664
560.5,-433.70899794928727
561.0,-438.86375110278766
561.5,-433.74660916528626
562.0,-435.38738673910643
562.5,-441.5871407980137
563.0,-436.59976224539173
563.5,-433.4941638090155
564.0,-437.30187194688006
564.5,-433.70848208472734
565.0,-428.6581897006223
565.5,-436.1878209469535
566.0,-438.36570731984074
566.5,-425.51617771980904
567.0,-436.66426335244046
567.5,-437.3426072097869
568.0,-425.1863995765257
568.5,-433.13878002491225
569.0,-429.0154277111808
569.5,-425.2150066111383
570.0,-434.8326916482694
570.5,-436.6382176033974
571.0,-432.752206275959
571.5,-437.60823056069194
572.0,-440.00671937755135
572.5,-440.82985162597777
573.0,-444.6495436943568
573.5,-443.57612694889394
574.0,-438.38568534729285
574.5,-440.42335035379426
575.0,-440.34831190146116
575.5,-436.8633221380624
576.0,-439.96282399329175
576.5,-440.44618908470716
577.0,-436.26691055942206
577.5,-440.6828771235513
578.0,-443.73107390358825
578.5,-439.6454265994132
579.0,-441.471211962661
579.5,-442.35062034475357
580.0,-440.112215483509
580.5,-443.13398412538885
581.0,-443.12441718266564
581.5,-439.3946226303738
582.0,-441.59042357247813
582.5,-444.7166926656428
583.0,-441.75559402478837
583.5,-442.7272014725372
584.0,-445.5926884052707
584.5,-444.87516770102496
585.0,-446.31544711888023
585.5,-447.50373211102294
586.0,-443.90552991795437
586.5,-444.55748892647847
587.0,-447.2083329134972
587.5,-447.54134332702324
588.0,-447.74041293497896
588.5,-447.9524873802343
589.0,-444.543326099506
589.5,-446.0670962120783
590.0,-446.5935377978592
590.5,-443.68323918997214
591.0,-444.2655095863067
591.5,-443.9539273929073
592.0,-444.09747482309007
592.5,-446.89515262219993
593.0,-450.4678898647842
593.5,-448.11076400617026
594.0,-449.58426077266694
594.5,-452.20808860808154
595.0,-450.6507872992004
595.5,-451.0480968028846
596.0,-455.2855020808465
596.5,-450.6408920790304
597.0,-444.29423205914435
597.5,-450.7430801584129
598.0,-448.0302891350276
598.5,-445.7408822239254
599.0,-451.5519088895328
599.5,-452.80190643415085
600.0,-449.82559159253935
600.5,-454.47085814924753
601.0,-456.05146715682304
601.5,-452.77746239045064
602.0,-458.1582291546232
602.5,-458.60184742291347
603.0,-451.75211123505005
603.5,-454.438430830945
604.0,-460.5922044026902
604.5,-451.47706163175593
605.0,-456.285528976098
605.5,-461.03626638665287
606.0,-455.48490718113817
606.5,-456.39658054653165
607.0,-460.89178823579743
607.5,-455.39098856695205
608.0,-457.05704590910693
608.5,-458.6695735853152
609.0,-455.8285667707267
609.5,-460.8824233099641
610.0,-463.7738189088512
610.5,-458.1489255553455
611.0,-458.8226915656656
611.5,-462.7996790350868
612.0,-459.6424003492937
612.5,-459.6352720390295
613.0,-460.59928220873326
613.5,-455.4215315967623
614.0,-458.84397188057017
614.5,-461.3432526958021
615.0,-455.8657559157248
615.5,-458.24131220811455
616.0,-462.25042397050345
616.5,-458.8330088568375
617.0,-457.14158276271854
617.5,-457.96480880470074
618.0,-452.6586259548587
618.5,-454.3156954693743
619.0,-461.54376888898844
619.5,-455.05974099128775
620.0,-452.45612566721604
620.5,-457.6285120092658
621.0,-458.8065410367915
621.5,-465.23615424217024
622.0,-465.3844887511592
622.5,-460.00969591502195
623.0,-457.8096742628933
623.5,-462.42952637334065
624.0,-463.81178365440906
624.5,-462.1226771470807
625.0,-462.4879092545752
625.5,-460.92493343554895
626.0,-463.2120424045265
626.5,-470.86253386279566
627.0,-470.0587375167066
627.5,-462.4597711877417
628.0,-466.8252984633512
628.5,-468.3565251636338
629.0,-466.02917875908497
629.5,-469.10823361908126
630.0,-467.36761280478174
630.5,-464.54004011338446
631.0,-468.07483064763375
631.5,-472.36962315215703
632.0,-469.3054165335818
632.5,-470.9537625258909
633.0,-471.5151638559904
633.5,-468.4819379704871
634.0,-469.799773508285
634.5,-471.1117361264927
635.0,-467.64603897609686
635.5,-471.5094424490677
636.0,-472.04134570577077
636.5,-467.29557935368973
637.0,-474.67560025817374
637.5,-475.22376106460223
638.0,-469.8552487892796
638.5,-474.03633464424155
639.0,-474.98008540582657
639.5,-465.6078581050368
640.0,-469.1668545916524
640.5,-475.23521830822483
641.0,-465.23174594503314
641.5,-468.035516717845
642.0,-474.30139523381035
642.5,-467.39627034361837
643.0,-470.590546979854
643.5,-480.72227120869263
644.0,-472.85772481815707
644.5,-473.2570977800756
645.0,-475.9685215820077
645.5,-472.88886427878555
646.0,-472.16402767716346
646.5,-476.00581173545123
647.0,-473.54166742931545
647.5,-471.69637300639585
648.0,-478.52955102416206
648.5,-472.1717187487645
649.0,-470.23474112474776
649.5,-475.50761643983685
650.0,-469.20221476230597
650.5,-469.03155377951674
651.0,-473.97161709052534
651.5,-471.4252627324591
652.0,-470.4627626390088
652.5,-477.1767304899353
653.0,-479.0724858460415
653.5,-477.05273540875726
654.0,-482.90826711673805
654.5,-483.048957450904
655.0,-479.4307267261613
655.5,-481.82495154366165
656.0,-479.7784230461076
656.5,-477.6254388623679
657.0,-479.2514439511003
657.5,-479.83346904121095
658.0,-477.3360388449889
658.5,-481.8823532000018
659.0,-485.450353868003
659.5,-483.7508507057243
660.0,-485.58419727257194
660.5,-483.66938739479707
661.0,-480.2814847843065
661.5,-486.20595475602914
662.0,-482.85208477662866
662.5,-479.0425188048643
663.0,-481.9003615627739
663.5,-482.6021249495935
664.0,-483.97024465580023
664.5,-491.68227911665485
665.0,-489.3669923989555
665.5,-484.27859097151395
666.0,-488.67319424951677
666.5,-486.11295844514507
667.0,-484.2774654488402
667.5,-485.38780799585453
668.0,-486.0521333240075
668.5,-484.60611806945116
669.0,-485.3669713966198
669.5,-487.0566839546185
670.0,-486.17453391473214
670.5,-488.70133231634986
671.0,-489.76298157796543
671.5,-486.777251306298
672.0,-487.41654818474797
672.5,-487.5167197026742
673.0,-485.99384062888544
673.5,-485.3438043882612
674.0,-489.38565010173323
674.5,-486.2049230269123
675.0,-487.23074315009364
675.5,-493.90678088692994
676.0,-490.1640428238941
676.5,-491.41191919116613
677.0,-497.28963307516824
677.5,-493.56085221477133
678.0,-489.9838654026056
678.5,-494.4228799294278
679.0,-489.8737517677313
679.5,-488.9075843462365
680.0,-492.7444911396068
680.5,-491.70854131236575
681.0,-486.5633082048097
681.5,-492.492514751116
682.0,-492.6922336990757
682.5,-491.59448834813566
683.0,-496.542708091082
683.5,-493.7178337681446
684.0,-489.6771604741234
684.5,-495.27983918460893
685.0,-496.4710029174357
685.5,-495.4413372584539
686.0,-498.4596138940913
686.5,-494.85056916593624
687.0,-494.2597260385737
687.5,-500.4796457120443
688.0,-499.33920986329656
688.5,-493.4290903056582
689.0,-499.195878879782
689.5,-498.3718231255722
690.0,-493.9608059752487
690.5,-500.8739538219332
691.0,-498.00208892738374
691.5,-495.9461341774403
692.0,-500.0964990353322
692.5,-498.9992551191729
693.0,-497.1281205715456
693.5,-499.0286990809027
694.0,-499.90928709733555
694.5,-497.5492392087042
695.0,-500.46698358196903
695.5,-499.6566072571738
696.0,-497.4903512852443
696.5,-500.92075680643154
697.0,-502.1519848174954
697.5,-499.0240202254304
698.0,-499.56444426596164
698.5,-502.2312403724088
699.0,-498.9274308998591
699.5,-502.582684827155
700.0,-506.41790333651534
700.5,-500.2118651093492
701.0,-500.3707513934001
701.5,-503.05498227894907
702.0,-499.6569824313982
702.5,-502.11352945949034
703.0,-504.00159374399493
703.5,-501.5863158805927
704.0,-502.31396628889684
704.5,-505.3800632083737
705.0,-503.7529470267457
705.5,-503.3967191006368
706.0,-508.2112866335709
706.5,-501.37618705038517
707.0,-504.03099802383485
707.5,-511.23091966832715
708.0,-509.1712131761389
708.5,-509.09749144103614
709.0,-513.1066032034258
709.5,-510.0980810976233
710.0,-507.0933684531781
710.5,-511.4261978521488
711.0,-510.4502831157072
711.5,-505.55828539476124
712.0,-506.61186841055155
712.5,-502.94383691495875
713.0,-500.68655429682326
713.5,-504.078973427786
714.0,-506.9693156528889
714.5,-505.3356194925551
715.0,-509.51293196060647
715.5,-511.0356414845046
716.0,-509.7288014374392
716.5,-515.4571166163352
717.0,-514.6916205081386
717.5,-509.79951456385845
718.0,-514.3362367240363
718.5,-516.9301913118286
719.0,-515.568965431996
719.5,-517.6049421544876
720.0,-517.614696684323
720.5,-516.136474165576
721.0,-518.1298108944815
721.5,-519.7541132694266
722.0,-517.0789623215973
722.5,-516.2226127245301
723.0,-515.6070384008876
723.5,-511.5997159309534
724.0,-514.117697738297
724.5,-514.7040012575447
725.0,-512.0507222455108
725.5,-515.8140479941126
726.0,-520.1372815908045
726.5,-515.9665418865694
727.0,-520.2964420406358
727.5,-522.2130339959774
728.0,-518.0043151164058
728.5,-521.8215252629934
729.0,-522.9589597179461
729.5,-518.8009975820097
730.0,-519.565227477198
730.5,-522.0485994623369
731.0,-518.2997648181548
731.5,-518.6098463146565
732.0,-519.9926591421719
732.5,-516.5360707890522
733.0,-514.7618141625533
733.5,-516.7628636077275
734.0,-514.3880107670082
734.5,-515.44708070583
735.0,-519.3012924103035
735.5,-517.3080855493974
736.0,-515.3738279385072
736.5,-520.6971281123398
737.0,-522.1213363651004
737.5,-522.0123302156773
738.0,-523.5692743875568
738.5,-520.9965171434444
739.0,-520.6656134774867
739.5,-525.3235890610488
740.0,-524.5962561078554
740.5,-523.4750587604435
741.0,-525.6792542258198
741.5,-524.947289313933
742.0,-525.7122695575708
742.5,-527.9978309328726
743.0,-525.9246181686053
743.5,-523.4122279001829
744.0,-525.5257141744671
744.5,-525.5462405334777
745.0,-523.6043531775426
745.5,-525.6797304084895
746.0,-521.8039858680011
746.5,-520.1996470907302
747.0,-526.4825347073521
747.5,-528.9066904915842
748.0,-522.2662005125133
748.5,-526.2718419133267
749.0,-527.5368031375892
749.5,-526.3787665672917
750.0,-530.0341611849213
750.5,-530.3417319000745
751.0,-527.0722761211732
751.5,-528.3416312127954
752.0,-529.8397487877713
752.5,-527.5337873140152
753.0,-530.6569720421612
753.5,-532.4128812061075
754.0,-520.5453701385518
754.5,-523.4483384192845
755.0,-531.1592834319121
755.5,-525.53743836898
756.0,-528.0372242264386
756.5,-531.5758675113779
757.0,-527.3553775405148
757.5,-529.0241200238343
758.0,-533.4667456025658
758.5,-532.886491767689
759.0,-531.0997714205604
759.5,-534.7446828045727
760.0,-531.9658611176854
760.5,-532.9462382629315
761.0,-536.4066108252953
761.5,-533.5119829561677
762.0,-530.9945350506048
762.5,-533.076751996259
763.0,-536.1947780788196
763.5,-534.2253478843882
764.0,-536.8879593552546
764.5,-533.9345878604449
765.0,-534.1285998312596
765.5,-538.2569701002448
766.0,-538.6621582626414
766.5,-534.5383838779069
767.0,-537.2678701542795
767.5,-540.5844066909049
768.0,-538.3278780286633
768.5,-540.3444899892622
769.0,-540.6410147094614
769.5,-537.8709158232925
770.0,-539.7375951770047
770.5,-538.8511522782042
771.0,-536.7120495407686
771.5,-537.9013049354726
772.0,-537.419299850621
772.5,-534.6434795575288
773.0,-536.7466124661959
773.5,-536.062200887257
774.0,-536.1206342727137
774.5,-540.7458326158599
775.0,-540.0807857988135
775.5,-538.2642859976202
776.0,-541.3484995032036
776.5,-541.6504209603232
777.0,-537.4513303500323
777.5,-540.6432946143645
778.0,-537.8264576776958
778.5,-531.0782133324325
779.0,-537.5270686465913
779.5,-543.8266190492003
780.0,-542.761593219564
780.5,-549.0685533131052
781.0,-549.8669709594969
781.5,-542.3668161418951
782.0,-549.3949548883702
782.5,-551.670949320949
783.0,-546.4538162377444
783.5,-544.1552716698109
784.0,-547.0218841252183
784.5,-539.7755310630057
785.0,-544.6955225530081
785.5,-549.6495507968934
786.0,-545.9822388318657
786.5,-549.3585629886004
787.0,-552.8735702973989
787.5,-547.781142961933
788.0,-546.0617194913148
788.5,-551.3348509349612
789.0,-544.9492810190661
789.5,-543.0398787005446
790.0,-548.2745908606307
790.5,-546.1005768217033
791.0,-543.8930248869261
791.5,-549.5832562745966
792.0,-547.0752526586446
792.5,-546.8585606844731
793.0,-550.9483637646738
793.5,-547.2145360894685
794.0,-543.369844430941
794.5,-547.524653660415
795.0,-547.888677274013
795.5,-546.6398629711794
796.0,-551.5309624384538
796.5,-549.1492157713599
797.0,-549.3440249874031
797.5,-555.9192346514199
798.0,-556.2457300202402
798.5,-549.355796078694
799.0,-554.0156944301568
799.5,-549.9370816426905
800.0,-546.8250186658308
800.5,-550.7031296898896
801.0,-551.6350732857377
801.5,-549.3107715643173
802.0,-554.8781261785936
802.5,-557.0250498556303
803.0,-556.7012853222698
803.5,-558.2713894515606
804.0,-558.0038433327551
804.5,-553.8578398752227
805.0,-552.3334601045364
805.5,-552.8740031907352
806.0,-554.4964801987794
806.5,-554.807593424398
807.0,-553.0427738726219
807.5,-550.4709257045149
808.0,-552.5797150861044
808.5,-554.9056149054213
809.0,-554.148224724941
809.5,-554.9748778391648
810.0,-556.0933443511167
810.5,-554.4969960633374
811.0,-556.7560607590383
811.5,-558.6216145900767
812.0,-558.6306187714638
812.5,-560.0204141684873
813.0,-560.0568796601258
813.5,-556.865330251907
814.0,-557.5449114627065
814.5,-561.9438977857355
815.0,-560.1133073064601
815.5,-560.0462449138407
816.0,-561.7123936445881
816.5,-559.5794343850787
817.0,-558.3289786950132
817.5,-563.5252138524265
818.0,-563.7399289470295
818.5,-563.8610092130791
819.0,-568.1379087930529
819.5,-569.1294942682534
820.0,-569.3832996310879
820.5,-572.2252443812381
821.0,-571.0980334239011
821.5,-564.6410599167164
822.0,-569.5050436669206
822.5,-565.5568977160026
823.0,-556.1519364641296
823.5,-565.7046225668761
824.0,-566.8947690003631
824.5,-559.977898270991
825.0,-565.2042339450268
825.5,-566.2282719906419
826.0,-562.0843319913438
826.5,-565.2191940172268
827.0,-567.2586519236281
827.5,-563.8417887489657
828.0,-566.8266748786275
828.5,-569.748119046937
829.0,-567.7803208603817
829.5,-569.720862639531
830.0,-573.2440299877112
830.5,-568.4731269625922
831.0,-568.9482851178485
831.5,-572.4501685436811
832.0,-568.2500858861614
832.5,-567.5186837356114
833.0,-572.0363297294537
833.5,-568.8656890693596
834.0,-567.4146414297732
834.5,-572.2419973533374
835.0,-570.1798883031352
835.5,-568.9532417465432
836.0,-573.2761073838999
836.5,-572.0164599253355
837.0,-568.7656907087674
837.5,-573.2179553791124
838.0,-572.0918699444485
838.5,-569.5132974998579
839.0,-572.8882205251617
839.5,-572.374938896791
840.0,-570.7055073915787
840.5,-574.55321487368
841.0,-574.3800575393216
841.5,-571.007003170252
842.0,-577.8887994385727
842.5,-576.6059193161591
843.0,-572.3775362568065
843.5,-574.5555452828055
844.0,-579.8166603289355
844.5,-574.9561375609535
845.0,-572.7745932393777
845.5,-576.5505154625649
846.0,-571.7088170612942
846.5,-572.629775988742
847.0,-578.3210751799753
847.5,-572.136890851382
848.0,-570.2465755215289
848.5,-577.1722195558443
849.0,-573.0845484753222
849.5,-571.5272327366629
850.0,-576.8398873418764
850.5,-575.3717728825228
851.0,-575.5815529930978
851.5,-579.7336061349996
852.0,-577.0935989111558
852.5,-574.8030520476026
853.0,-577.036806912931
853.5,-574.8026913031563
854.0,-576.6326504796511
854.5,-579.681832092027
855.0,-575.9398912742181
855.5,-576.6882231616461
856.0,-579.518068543059
856.5,-575.068877415398
857.0,-579.6158952220818
857.5,-583.4382279398101
858.0,-576.299636458679
858.5,-577.2426945909278
859.0,-585.6250138781943
859.5,-579.7498324202068
860.0,-580.4734821726
860.5,-586.6451594912294
861.0,-585.3120861080087
861.5,-582.4044714388049
862.0,-586.3934175866287
862.5,-584.5988654775656
863.0,-581.7021452906472
863.5,-585.4454461150194
864.0,-584.5216661659982
864.5,-581.0240178799684
865.0,-584.1233321480851
865.5,-583.9071740756953
866.0,-580.2584748749936
866.5,-583.2007318334038
867.0,-584.2703066505103
867.5,-581.5990156682595
868.0,-584.2131863748393
868.5,-584.5434479156829
869.0,-584.4386660837292
869.5,-584.9988012008214
870.0,-585.2407885755861
870.5,-583.0961051215625
871.0,-585.0635187545372
871.5,-586.9960411846398
872.0,-582.4104273296161
872.5,-587.4749510821391
873.0,-587.5334782611526
873.5,-583.9939908342097
874.0,-589.4650627556939
874.5,-586.5956148489367
875.0,-584.3111068474177
875.5,-587.5224070140871
876.0,-587.9571437541034
876.5,-587.2393416691893
877.0,-589.3622650181958
877.5,-590.9975556689827
878.0,-589.1347218510712
878.5,-591.8846082258976
879.0,-592.7008935447282
879.5,-590.3975582905434
880.0,-592.2711783674079
880.5,-590.7479710161717
881.0,-588.7822456672083
881.5,-592.665017509516
882.0,-594.5229740625093
882.5,-592.4798545999754
883.0,-592.5039364562522
883.5,-598.9786369455421
884.0,-597.3474732112238
884.5,-592.1402281333003
885.0,-594.0812064132298
885.5,-593.044141885649
886.0,-590.4423916103648
886.5,-593.7058446016756
887.0,-595.2537485177236
887.5,-591.0096550377216
888.0,-592.6121648406488
888.5,-595.1932228144763
889.0,-596.6459161702271
889.5,-601.2400933769225
890.0,-599.987574228622
890.5,-595.8837309745618
891.0,-600.4612316869805
891.5,-603.0589380170187
892.0,-599.2209057009748
892.5,-599.6585175742307
893.0,-599.458719262493
893.5,-592.9695651862066
894.0,-598.7736511286611
894.5,-605.0597421559685
895.0,-598.6777003207594
895.5,-603.1143700086795
896.0,-604.6628006116202
896.5,-600.587290226393
897.0,-599.668300963622
897.5,-604.4866635281337
898.0,-597.8398893808038
898.5,-596.9190386766879
899.0,-602.0101853693684
899.5,-599.51959128041
900.0,-600.556197662544
900.5,-607.064110450051
901.0,-604.2491782440616
901.5,-602.2645462786513
902.0,-604.6183496809126
902.5,-601.8902270185476
903.0,-600.7460827168885
903.5,-603.1208417640519
904.0,-602.6911265867309
904.5,-603.3558884156644
905.0,-604.5250250925826
905.5,-603.3127902766314
906.0,-603.0145736649779
906.5,-607.5334534048275
907.0,-606.6381001181962
907.5,-606.0342572039569
908.0,-608.007861211635
908.5,-605.8546930482278
909.0,-603.0462758869435
909.5,-608.3119471354346
910.0,-606.4820276408288
910.5,-601.6278359378834
911.0,-605.8117319920852
911.5,-603.0119005486297
912.0,-601.0284951143373
912.5,-608.9196752673638
913.0,-611.2828508103482
913.5,-606.6099620513637
914.0,-612.2402016375681
914.5,-610.7617641151307
915.0,-607.8131457891491
915.5,-612.0321242407817
916.0,-607.6038454686892
916.5,-603.3206220385666
917.0,-607.0847450323956
917.5,-609.3787947245248
918.0,-606.8015822864974
918.5,-609.2043134580479
919.0,-609.5222519685958
919.5,-610.4732320488891
920.0,-613.7854793340437
920.5,-614.5747232491591
921.0,-610.3196847826478
921.5,-612.3996506829549
922.0,-615.6444856533782
922.5,-616.1965076278664
923.0,-619.1853799836624
923.5,-622.3211330483289
924.0,-615.6819561790428
924.5,-617.7596493893379
925.0,-621.7775055971132
925.5,-614.8432289481915
926.0,-614.0474158767056
926.5,-616.7372851979553
927.0,-615.0816774199363
927.5,-616.4892373164876
928.0,-618.4611458252666
928.5,-615.8926165060685
929.0,-615.699683161149
929.5,-618.7830525247268
930.0,-616.6833575106359
930.5,-616.4155155813842
931.0,-619.1474621348831
931.5,-615.260556161217
932.0,-611.650896724525
932.5,-621.3597490981964
933.0,-617.5499558574303
933.5,-609.5169526326748
934.0,-619.6006978501208
934.5,-619.6109682445135
935.0,-618.0369716826447
935.5,-624.82326374469
936.0,-622.1651543645157
936.5,-615.7824523669714
937.0,-619.3297751632948
937.5,-619.9732927517698
938.0,-619.0734373744451
938.5,-622.3993193567021
939.0,-623.2568319938657
939.5,-621.7012514359942
940.0,-625.950943669807
940.5,-626.0668725051596
941.0,-626.3596959873365
941.5,-628.6435979381843
942.0,-627.9554995510018
942.5,-621.3638760146637
943.0,-624.6719170195722
943.5,-624.7768359344154
944.0,-621.295125338035
944.5,-628.2509492527497
945.0,-630.3420296894562
945.5,-623.8634742850109
946.0,-625.9194759317323
946.5,-626.902573090104
947.0,-620.178181167649
947.5,-620.8934075372147
948.0,-621.6091100894482
948.5,-616.0349157604654
949.0,-619.0075005044978
949.5,-623.4232073326275
950.0,-618.8723439901433
950.5,-626.2918832462674
951.0,-630.6106075373789
951.5,-623.9540319634345
952.0,-624.3980037612839
952.5,-626.4224438763738
953.0,-626.1185599694652
953.5,-633.1334666096403
954.0,-636.0506049322341
954.5,-638.7717724416673
955.0,-649.847665895652
955.5,-658.4829103293029
956.0,-658.2677948083619
956.5,-662.7544095649109
957.0,-664.9039702838536
957.5,-654.6326379541888
958.0,-653.9322598260424
958.5,-664.8362369065632
959.0,-664.835500987893
959.5,-662.937400792883
960.0,-669.333277177617
960.5,-665.7883966211964
961.0,-668.8069077407239
961.5,-672.6698891426929
962.0,-672.4613391706815
962.5,-668.1507280221746
963.0,-672.3931043586111
963.5,-678.6366600082224
964.0,-681.7750392924581
964.5,-690.2982004265577
965.0,-690.6561166366746
965.5,-685.7440975989432
966.0,-695.5746507191117
966.5,-700.8472554758657
967.0,-697.3894153395175
967.5,-703.8763183704558
968.0,-708.399981581667
968.5,-702.0572673845365
969.0,-711.4242610048962
969.5,-715.1519920989529
970.0,-706.6620014167156
970.5,-711.1855564045948
971.0,-714.066050306307
971.5,-708.6909291927221
972.0,-712.4387321077886
972.5,-715.0273404628833
973.0,-709.9914706417519
973.5,-709.3746842167692
974.0,-710.2638471286967
974.5,-707.4425946800035
975.0,-706.2924403758648
975.5,-706.0362973890155
976.0,-701.4166761550138
976.5,-698.0447617383952
977.0,-698.0935704620176
977.5,-695.3559241462624
978.0,-694.4722012605886
978.5,-693.6571352579882
979.0,-689.2335966679246
979.5,-691.1646652979064
980.0,-695.0757627941603
980.5,-692.5621892839537
981.0,-692.6405862670838
981.5,-695.4238306808861
982.0,-699.7773523813132
982.5,-706.1766919127354
983.0,-713.5477095978177
983.5,-713.9004144936587
984.0,-716.670884946608
984.5,-721.875114200958
985.0,-721.6038632366852
985.5,-726.9919278610114
986.0,-733.8037786670974
986.5,-735.6185901842798
987.0,-738.6798892026156
987.5,-744.3998242880169
988.0,-747.8641830765162
988.5,-750.5817575712626
989.0,-751.6320578125886
989.5,-748.9139674532832
990.0,-750.4641404518999
990.5,-749.5132613800533
991.0,-734.9531393334502
991.5,-724.8916159739174
992.0,-724.5636126933099
992.5,-712.4347639188743
993.0,-686.3335468097612
993.5,-605.8723601467603
994.0,-577.327613833638
994.5,-670.3388378926938
995.0,-720.498084106923
995.5,-693.4915427346775
996.0,-647.1911510059319
996.5,-576.5796102236644
997.0,-627.8436507353331
997.5,-693.9809106136778
998.0,-693.9724691936287
998.5,-671.7046380120913
999.0,-612.7071434773115
999.5,-628.2335649778794
1000.0,-681.4618157118352
1000.5,-698.303855614821
1001.0,-666.0888173814267
1001.5,-641.6018992037474
1002.0,-637.1133147825221
1002.5,-678.0135028363081
1003.0,-693.7448322329521
1003.5,-665.8735142733628
1004.0,-641.1351391792094
1004.5,-653.5819625386301
1005.0,-673.1002139781292
1005.5,-675.0084510920868
1006.0,-658.2399381221999
1006.5,-649.9921079720617
1007.0,-650.7047045146107
1007.5,-661.0604979415546
1008.0,-658.76096854128
1008.5,-649.5496044041084
1009.0,-649.2633320410819
1009.5,-660.9256083780899
1010.0,-657.9672400573463
1010.5,-655.3912402360088
1011.0,-661.6807547281147
1011.5,-663.7504033372488
1012.0,-661.5464423557653
1012.5,-656.5871080764178
1013.0,-657.326857853462
1013.5,-670.0446363667129
1014.0,-675.1216526994232
1014.5,-673.6484613072946
1015.0,-673.1334736093738
1015.5,-670.2216565190492
1016.0,-656.4306604248254
1016.5,-668.6892906213616
1017.0,-678.401816575981
1017.5,-677.8634259316459
1018.0,-653.7184790595586
1018.5,-640.7026065877608
1019.0,-662.1721391685782
1019.5,-685.6690122498326
1020.0,-674.9993459022543
1020.5,-644.8107643453998
1021.0,-645.7154609131989
1021.5,-671.9510553286652
1022.0,-685.6210909575489
1022.5,-673.7534933113259
1023.0,-651.562071411018
1023.5,-652.0112956480109
1024.0,-666.7228149239508
1024.5,-681.1087767666281
1025.0,-664.1297982717201
1025.5,-652.9785958070668
1026.0,-653.4050678918122
1026.5,-657.2309070455638
1027.0,-674.5411643806578
1027.5,-672.7985739016754
1028.0,-656.9468532608796
1028.5,-653.3078977676809
1029.0,-664.2007530969152
1029.5,-675.5245898164735
1030.0,-655.0847517541949
1030.5,-663.7715068873772
1031.0,-674.2822148020113
1031.5,-662.9209436312273
1032.0,-656.9242021170783
1032.5,-661.4914324351024
1033.0,-667.0333653882288
1033.5,-673.3093267114775
1034.0,-672.6819416146533
1034.5,-669.8902233138006
1035.0,-674.1424479736285
1035.5,-674.5206235918664
1036.0,-674.5206235918664
1036.5,-675.4326721314853
1037.0,-676.2044055111628
1037.5,-673.8711970093574
1038.0,-672.2573381861407
1038.5,-672.9190048277228
1039.0,-674.4834813436464
1039.5,-672.2054234528333
1040.0,-670.132679656346
1040.5,-664.6818671429825
1041.0,-669.236107053486
1041.5,-676.0107687145731
1042.0,-673.0574441165413
1042.5,-669.9079611182392
1043.0,-676.2665906388644
1043.5,-675.4969567918665
1044.0,-676.774201364534
1044.5,-684.659331833192
1045.0,-678.0170597765552
1045.5,-671.066675888095
1046.0,-676.10710551903
1046.5,-678.0243756739317
1047.0,-679.6906254131246
1047.5,-682.6761608827903
1048.0,-677.2242156318638
1048.5,-670.433504450348
1049.0,-677.8840605139902
1049.5,-681.7566954373498
1050.0,-677.8057428946379
1050.5,-672.8414844535987
1051.0,-671.8866191556145
1051.5,-674.835899808398
1052.0,-681.2219855888529
1052.5,-679.1810233781093
1053.0,-674.822263668319
1053.5,-677.9773851023208
1054.0,-683.5901321903096
1054.5,-681.7284707918511
1055.0,-682.5314374257116
1055.5,-679.7708116887111
1056.0,-675.7844917604566
1056.5,-682.9907444699847
1057.0,-683.6741243198071
1057.5,-678.3166832915504
1058.0,-678.5434761102256
1058.5,-680.6644911211093
1059.0,-679.0666096694324
1059.5,-682.1598634308466
1060.0,-684.6500462711363
1060.5,-679.3291378329861
1061.0,-675.9222672794926
1061.5,-679.3091598055337
1062.0,-680.590801853007
1062.5,-686.7437998241928
1063.0,-686.4701102274612
1063.5,-678.9900741276464
1064.0,-682.2127521741592
1064.5,-688.734286671971
1065.0,-688.6553124977254
1065.5,-689.1063188122835
1066.0,-691.2542381439928
1066.5,-688.3499206790293
1067.0,-691.650797299227
1067.5,-695.2872203664119
1068.0,-690.9638063974958
1068.5,-687.5399339582366
1069.0,-693.4507894345454
1069.5,-691.5593918713537
1070.0,-689.1203409489221
1070.5,-687.7014320320802
1071.0,-679.9365449023582
1071.5,-679.6783312423854
1072.0,-685.6106798728213
1072.5,-685.0365695158696
1073.0,-683.4574612051906
1073.5,-685.582823186656
1074.0,-683.3349199241327
1074.5,-685.0336547007405
1075.0,-689.5027372771835
1075.5,-689.1221699232652
1076.0,-683.2580561049008
1076.5,-686.2013844743165
1077.0,-687.145048657233
1077.5,-687.733978396051
1078.0,-695.198444765553
1078.5,-695.141714093885
1079.0,-687.5772493637909
1079.5,-693.5486161135688
1080.0,-695.2735734039981
1080.5,-691.3151101619081
1081.0,-695.2390934497936
1081.5,-696.4491818362874
1082.0,-689.1066939865088
1082.5,-690.7564757417146
1083.0,-693.6452703731401
1083.5,-690.6831291808351
1084.0,-692.39082845694
1084.5,-693.152103855111
1085.0,-691.1314623790431
1085.5,-693.206904543991
1086.0,-695.7418471122351
1086.5,-694.7341017288053
1087.0,-696.0203576977498
1087.5,-696.8599507152736
1088.0,-694.0405633153682
1088.5,-694.880953578119
1089.0,-695.375808380158
1089.5,-690.8008869905332
1090.0,-689.4022843785893
1090.5,-694.7400756568402
1091.0,-690.2313184061614
1091.5,-693.6404869017781
1092.0,-699.4069147314553
1092.5,-696.72859283994
1093.0,-699.4661453621381
1093.5,-701.3945877725498
1094.0,-700.0891690586031
1094.5,-699.7267976545697
1095.0,-701.9175337446441
1095.5,-701.6324013340677
1096.0,-701.7515191503282
1096.5,-702.1901699675904
1097.0,-701.6772346538886
1097.5,-701.911577853831
1098.0,-704.0420010798814
1098.5,-703.5135248954207
1099.0,-701.4580391132581
1099.5,-702.6206102412486
1100.0,-700.0455622699009
1100.5,-700.4399100616788
1101.0,-703.6359182712565
1101.5,-701.5024503620759
1102.0,-699.8439927029298
1102.5,-704.4877513478523
1103.0,-704.2777547906098
1103.5,-702.6054409372703
1104.0,-705.3734511130933
1104.5,-702.6238930157122
1105.0,-700.2697685508944
1105.5,-705.2798451440945
1106.0,-704.8780335497181
1106.5,-703.3626110636396
1107.0,-708.0266832283484
1107.5,-709.8344602288228
1108.0,-706.9215209715865
1108.5,-710.0020693135918
1109.0,-710.8867373497154
1109.5,-707.748740454593
1110.0,-707.5670948034067
1110.5,-705.6747160153199
1111.0,-701.3892307175175
1111.5,-703.4383493601981
1112.0,-706.3673345304196
1112.5,-698.3783276983679
1113.0,-701.6953368102189
1113.5,-708.2107061854374
1114.0,-708.4438769659278
1114.5,-713.7343962918975
1115.0,-714.6498069697604
1115.5,-708.9294462059127
1116.0,-710.3604544914917
1116.5,-717.6644400864874
1117.0,-712.0079852013507
1117.5,-711.734108017507
1118.0,-714.9561511537952
1118.5,-711.5992797805984
1119.0,-715.7779594701026
1119.5,-718.4328906917009
1120.0,-716.1756549703445
1120.5,-713.3812166563644
1121.0,-716.0411809844818
1121.5,-711.6944333432732
1122.0,-709.8906425689332
1122.5,-711.0068796802047
1123.0,-709.6867353779485
1123.5,-711.1062539529037
1124.0,-713.8563279148427
1124.5,-710.6705359879917
1125.0,-710.0046738884964
1125.5,-717.3464799312735
1126.0,-718.8440094928003
1126.5,-715.4541145422659
1127.0,-713.3403767775682
1127.5,-709.9718677885245
1128.0,-714.1901391810408
1128.5,-719.929648260113
1129.0,-717.5248752749947
1129.5,-712.0931028535206
1130.0,-715.2197110464648
1130.5,-717.6000039134394
1131.0,-718.3546668659046
1131.5,-717.1177174479185
1132.0,-713.6812369902514
1132.5,-710.9666927488558
1133.0,-711.8967929405813
1133.5,-710.4045374628627
1134.0,-707.201112347463
1134.5,-707.6987809561863
1135.0,-708.3174504671798
1135.5,-707.4257984185704
1136.0,-713.1183602153633
1136.5,-717.895626772522
1137.0,-718.7124423856884
1137.5,-724.3069935237916
1138.0,-726.4733216446099
1138.5,-725.5107400229147
1139.0,-726.0758461984805
1139.5,-724.335084693847
1140.0,-723.1598045390041
1140.5,-724.4323017147557
1141.0,-724.0694144461638
1141.5,-721.5849169383521
1142.0,-721.6392017626729
1142.5,-721.2691645391508
1143.0,-717.600003913439
1143.5,-718.7198989733992
1144.0,-717.0814193417038
1144.5,-715.1947619605404
1145.0,-715.7030292411031
1145.5,-718.7525391309252
1146.0,-718.569266522286
1146.5,-723.161164545568
1147.0,-727.2564256892438
1147.5,-725.3869325288485
1148.0,-728.6038639163277
1148.5,-731.0364935876111
1149.0,-727.2558701427964
1149.5,-724.2101985738861
1150.0,-724.8715838347993
1150.5,-722.6192722751393
1151.0,-723.2589443278121
1151.5,-727.5571841062674
1152.0,-724.1086670493969
1152.5,-723.6104537165593
1153.0,-730.2671988403911
1153.5,-731.9771816288442
1154.0,-730.2368097282122
1154.5,-731.4720708621884
1155.0,-728.138835465132
1155.5,-725.8337650301589
1156.0,-730.8024317683373
1156.5,-730.3020900432656
1157.0,-728.9505248997125
1157.5,-729.9936968307741
1158.0,-730.2294938308355
1158.5,-733.3421267839203
1159.0,-739.2581553355932
1159.5,-738.258766958013
1160.0,-732.1603279769274
1160.5,-730.649595168655
1161.0,-730.9242227009468
1161.5,-729.0867131431851
1162.0,-730.9986947844989
1162.5,-727.8967542968109
1163.0,-727.4905344052968
1163.5,-731.5537361900052
1164.0,-732.468721189419
1164.5,-731.3224701401922
1165.0,-732.8153821728031
1165.5,-735.656764161617
1166.0,-733.0227597253639
1166.5,-733.8322919081538
1167.0,-732.4811019388258
1167.5,-732.3473523278119
1168.0,-736.5970914584029
1168.5,-737.9646484032728
1169.0,-735.1221408917863
1169.5,-734.2183750446609
1170.0,-736.2815158239798
1170.5,-734.5511545817412
1171.0,-739.9731436138211
1171.5,-742.1979267647648
1172.0,-738.6450268592984
1172.5,-742.9644077053025
1173.0,-749.8574837309774
1173.5,-751.4834888197088
1174.0,-755.7182209813227
1174.5,-755.917860565504
1175.0,-754.7145902490508
1175.5,-757.5116006709347
1176.0,-766.9030376135051
1176.5,-756.5357725131615
1177.0,-734.4766536386337
1177.5,-735.5225455828227
1178.0,-742.186952918701
1178.5,-750.2020812561268
1179.0,-752.6583469035504
1179.5,-747.4649039081553
1180.0,-746.4662839162447
1180.5,-746.5023006417912
1181.0,-747.258651878267
1181.5,-747.1303422935073
1182.0,-747.0291174017975
1182.5,-741.2055909411157
1183.0,-738.9793503826099
1183.5,-741.5595678218774
1184.0,-738.4166395501702
1184.5,-740.9561000818624
1185.0,-744.2564067258356
1185.5,-740.725321037052
1186.0,-739.0784937788634
1186.5,-740.9681056570446
1187.0,-741.3507833659756
1187.5,-739.6629683237666
1188.0,-738.3715248496798
1188.5,-732.2510263456854
1189.0,-726.8028400518936
1189.5,-726.3201315153703
1190.0,-726.8478609588263
1190.5,-724.2521026488009
1191.0,-716.1464779595051
1191.5,-714.5622182181307
1192.0,-716.1656551342855
1192.5,-716.6151715742784
1193.0,-716.4521583737579
1193.5,-712.2177544895917
1194.0,-708.7201927822291
1194.5,-708.8668859039865
1195.0,-709.8278678817362
1195.5,-709.3637666468384
1196.0,-708.9839402620123
1196.5,-709.1839947023072
1197.0,-710.4675667325696
1197.5,-710.7838386037736
1198.0,-709.0842993670515
1198.5,-712.0776269167626
1199.0,-712.6445151698911
1199.5,-715.5348321428871
1200.0,-718.2358867064486
1200.5,-718.137816164178
1201.0,-717.8728493681645
1201.5,-717.1661149228714
1202.0,-717.0941680504458
1202.5,-716.1885119024203
1203.0,-717.1300044037689
1203.5,-716.3706517734981
1204.0,-716.2004164691574
1204.5,-714.4825874889934
1205.0,-714.760872969973
1205.5,-713.9319255210678
1206.0,-714.1548222997202
1206.5,-716.7926289824394
1207.0,-715.8599458604765
1207.5,-716.4649611941675
1208.0,-715.2966217624767
1208.5,-718.5403781070034
1209.0,-718.6889470998825
1209.5,-722.6631676593985
1210.0,-727.2616636986083
1210.5,-732.4325168767609
1211.0,-740.8585547835071
1211.5,-742.8848707697197
1212.0,-743.4346885956395
1212.5,-744.9237550924508
1213.0,-746.7369721191792
1213.5,-747.17344043254
1214.0,-747.4229781885721
1214.5,-747.152289985637
1215.0,-747.8394215777029
1215.5,-747.3531957828258
1216.0,-747.0637200091129
1216.5,-748.6359164561933
1217.0,-748.8979756519664
1217.5,-748.1056076899445
1218.0,-747.5716337601182
1218.5,-746.401191188304
1219.0,-747.0915117612774
1219.5,-746.9482240670964
1220.0,-746.149449283703
1220.5,-746.7344396931644
1221.0,-746.975864306593
1221.5,-746.5177765785492
1222.0,-746.5045516871377
1222.5,-746.2670664030657
1223.0,-745.8652475937993
1223.5,-745.8548906207378
1224.0,-744.4115015857527
1224.5,-743.7517108152931
1225.0,-742.98069170962
1225.5,-743.7323893427345
1226.0,-745.5653968098019
1226.5,-746.502300641791
1227.0,-746.6715042170146
1227.5,-747.3070493532196
1228.0,-748.6798118404533
1228.5,-749.2755885088675
1229.0,-749.3416913212587
1229.5,-748.947498649593
1230.0,-749.1714776615847
1230.5,-749.7237716373863
1231.0,-748.8214833995137
1231.5,-749.4152002171381
1232.0,-749.7824849605337
1232.5,-749.6081804588356
1233.0,-749.4340058251382
1233.5,-749.6553441877809
1234.0,-748.761787408494
1234.5,-748.609091499146
1235.0,-747.8270408282963
1235.5,-747.4770032768918
1236.0,-746.8499139905146
1236.5,-745.7706784371285
1237.0,-744.6384350947621
1237.5,-744.4268368321767
1238.0,-745.0441860184964
1238.5,-745.1920046629266
1239.0,-745.1342278323626
1239.5,-745.5542353766256
1240.0,-745.9417903504744
1240.5,-746.1742107825163
1241.0,-746.7319072671496
1241.5,-747.9418441409754
1242.0,-748.4189358864651
1242.5,-748.7370259096808
1243.0,-749.3329901652073
1243.5,-749.6036783681424
1244.0,-749.6148210426082
1244.5,-749.7753205758245
1245.0,-749.7846999314357
1245.5,-749.2136847618348
1246.0,-749.1748109402714
1246.5,-749.1135132439088
1247.0,-748.6998836614612
1247.5,-748.5251931632052
1248.0,-748.2952582604
1248.5,-747.9307296045765
1249.0,-748.0941112797811
1249.5,-747.6748451512481
1250.0,-748.7291472509675
1250.5,-747.6606376606767
1251.0,-747.7467803424245
1251.5,-747.5861521780454
1252.0,-748.84845265434
1252.5,-748.84845265434
1253.0,-749.3753487781244
1253.5,-748.4498300408704
1254.0,-746.6930767349195
1254.5,-746.5377546060006
1255.0,-746.7611708566563
1255.5,-746.8042701395129
1256.0,-746.7295326888268
1256.5,-748.6986506193452
1257.0,-747.9759849953998
1257.5,-749.4403837869545
1258.0,-750.0865275949994
1258.5,-750.2080840437188
1259.0,-749.7347584702513
1259.5,-748.4225548747532
1260.0,-748.5682985171263
1260.5,-746.7233720535437
1261.0,-747.4184760978787
1261.5,-747.2642362022996
1262.0,-746.3956573684932
1262.5,-745.0681971688609
1263.0,-746.048199139882
1263.5,-746.6893249926756
1264.0,-746.865469291051
1264.5,-746.2794471524725
1265.0,-746.2635743968232
1265.5,-746.0807924006303
1266.0,-746.8446759811502
1266.5,-747.7006540114375
1267.0,-746.0460743550921
1267.5,-745.2755747214212
1268.0,-745.4700556600167
1268.5,-746.122108462097
1269.0,-746.7027735456438
1269.5,-748.4244119871646
1270.0,-747.1706735226345
1270.5,-746.686464289214
1271.0,-747.9255240622124
1271.5,-748.2804857753126
1272.0,-749.0178438166761
1272.5,-748.139889234703
1273.0,-748.3532226780763
1273.5,-748.8608334037468
1274.0,-750.5575119370078
1274.5,-750.1255745738971
1275.0,-749.0522588368793
1275.5,-748.8298815302302
1276.0,-748.9517842936182
1276.5,-749.1737287069318
1277.0,-749.1365864587117
1277.5,-748.5992900725325
1278.0,-748.4359485945662
1278.5,-749.1908279936995
1279.0,-748.1090311547433
1279.5,-749.7790723180688
1280.0,-749.6171846402219
1280.5,-749.9967671618016
1281.0,-749.7561866903781
1281.5,-749.3228604611475
1282.0,-747.9556101490571
1282.5,-746.5000495964448
1283.0,-746.2404001735747
1283.5,-745.9552966225546
1284.0,-745.5755625883075
1284.5,-745.0908952094395
1285.0,-746.3477288613208
1285.5,-747.192808801877
1286.0,-748.4509699933217
1286.5,-748.8375726018317
1287.0,-749.1049780303024
1287.5,-748.0901317531864
1288.0,-747.1944970858867
1288.5,-747.5020461563731
1289.0,-747.552910401852
1289.5,-747.6698053108325
1290.0,-747.7015450502204
1290.5,-747.8720617352293
1291.0,-748.1016683605878
1291.5,-748.4106243344162
1292.0,-748.0003713199886
1292.5,-747.5557898640245
1293.0,-747.4690308246223
1293.5,-746.7971875822027
1294.0,-747.6294250204603
1294.5,-747.8129717948793
1295.0,-748.1939612198006
1295.5,-747.2059398997326
1296.0,-747.2111923388744
1296.5,-748.2686208904647
1297.0,-748.6679000588273
1297.5,-747.755137245204
1298.0,-748.0483467239391
1298.5,-748.1410616541539
1299.0,-747.1474261197988
1299.5,-746.887792157406
1300.0,-748.2882237436919
1300.5,-747.7343258980811
1301.0,-748.2154868409282
1301.5,-748.6797649436755
1302.0,-748.7902068559952
1302.5,-748.8154373225891
1303.0,-749.4336162211359
1303.5,-750.0195589959362
1304.0,-749.6593917404718
1304.5,-749.7801040471862
1305.0,-749.9289544207336
1305.5,-749.6048688248161
1306.0,-749.2643332821343
1306.5,-749.0566743489056
